"","movieId","title","genres","average_rating"
"1",175661,"The Hitman's Bodyguard (2017)","Action|Comedy",4.29166666666667
"2",4020,"Gift, The (2000)","Thriller",3.25
"3",2865,"Sugar Town (1999)","Comedy",3
"4",73232,"Girl in the Park, The (2007)","Drama",4
"5",2878,"Hell Night (1981)","Horror",2.3
"6",2348,"Sid and Nancy (1986)","Drama",3.47826086956522
"7",5410,"Silent Running (1972)","Drama|Sci-Fi",3.25
"8",31359,"Moolaadé (2004)","Drama",2.75
"9",192389,"Venom (2018)","Action|Horror|Sci-Fi|Thriller",3.4
"10",2561,"True Crime (1999)","Crime|Thriller",2.77777777777778
"11",107196,"Is the Man Who Is Tall Happy? (2013)","Animation|Documentary",3
"12",237,"Forget Paris (1995)","Comedy|Romance",3.17592592592593
"13",7379,"The Alamo (2004)","Drama|War|Western",2.5
"14",1002,"Ed's Next Move (1996)","Comedy|Romance",4.16666666666667
"15",1343,"Cape Fear (1991)","Thriller",3.45631067961165
"16",2685,"Red Dwarf, The (Nain rouge, Le) (1998)","Comedy|Drama",5
"17",8982,"I Am David (2003)","Drama",3.7
"18",2511,"Long Goodbye, The (1973)","Crime|Film-Noir",3.72727272727273
"19",427,"Boxing Helena (1993)","Drama|Mystery|Romance|Thriller",2.725
"20",32285,"Boys & Girl from County Clare, The (a.k.a. The Boys from County Clare) (2003)","Comedy|Musical|Romance",2
"21",2807,"Universal Soldier: The Return (1999)","Action|Sci-Fi",1.28125
"22",3128,"Map of the World, A (1999)","Drama",3.625
"23",87006,"Eyes of a Stranger (1981)","Horror|Thriller",1.5
"24",6557,"Born to Be Wild (1995)","Adventure|Children|Comedy|Drama",3
"25",7615,"Desert Hearts (1985)","Drama",2
"26",209035,"time for sushi (2017)","Animation|Comedy",3.5
"27",6509,"Ali: Fear Eats the Soul (Angst essen Seele auf) (1974)","Drama|Romance",4.25
"28",5193,"Jazz Singer, The (1980)","Musical",2
"29",1186,"Sex, Lies, and Videotape (1989)","Drama",3.43478260869565
"30",26903,"Whisper of the Heart (Mimi wo sumaseba) (1995)","Animation|Drama|Romance",3.83333333333333
"31",2586,"Goodbye Lover (1999)","Comedy|Crime|Thriller",1.5
"32",4533,"Return of the Living Dead, The (1985)","Comedy|Horror|Sci-Fi",3.35714285714286
"33",101653,"Magadheera (2009)","Action|Adventure|Fantasy|Romance",0.5
"34",127206,"People, Places, Things (2015)","Comedy",3.5
"35",7321,"Twisted (2004)","Thriller",2.16666666666667
"36",8740,"Lower Depths, The (Donzoko) (1957)","Comedy|Drama",4
"37",8368,"Harry Potter and the Prisoner of Azkaban (2004)","Adventure|Fantasy|IMAX",3.77317073170732
"38",440,"Dave (1993)","Comedy|Romance",3.59714285714286
"39",165645,"Bad Santa 2 (2016)","Comedy",2
"40",175395,"8 Dates (2008)","Comedy",4
"41",3990,"Rugrats in Paris: The Movie (2000)","Animation|Children|Comedy",3.78571428571429
"42",1404,"Night Falls on Manhattan (1996)","Crime|Drama",2.4
"43",5184,"Heaven's Gate (1980)","Western",1.5
"44",26870,"Major League II (1994)","Comedy",3
"45",7407,"Africa Screams (1949)","Adventure|Comedy",2.6
"46",3098,"Natural, The (1984)","Drama",3.73076923076923
"47",5892,"Island at the Top of the World, The (1974)","Action|Adventure|Children",2.66666666666667
"48",1078,"Bananas (1971)","Comedy|War",3.47297297297297
"49",4502,"Ernest Saves Christmas (1988)","Children|Comedy",2.8
"50",65567,"Passengers (2008)","Drama|Mystery|Thriller",2.75
"51",6777,"Judgment at Nuremberg (1961)","Drama",4.14285714285714
"52",179815,"Roman J. Israel, Esq. (2017)","Drama|Thriller",3.75
"53",135852,"Boychoir (2014)","Drama",2.5
"54",127198,"Dope (2015)","Comedy|Drama",3.56666666666667
"55",4729,"Aberdeen (2000)","Drama",2.5
"56",2467,"Name of the Rose, The (Name der Rose, Der) (1986)","Crime|Drama|Mystery|Thriller",3.8452380952381
"57",3554,"Love and Basketball (2000)","Drama|Romance",3.4
"58",55389,"Nanny, The (1965)","Drama|Thriller",3.25
"59",97988,"Bay, The (2012)","Horror|Sci-Fi|Thriller",3.5
"60",177867,"Borg vs McEnroe (2017)","Drama",4.5
"61",26509,"Electric Dreams (1984)","Comedy|Drama|Romance|Sci-Fi",2.75
"62",529,"Searching for Bobby Fischer (1993)","Drama",3.84579439252336
"63",42721,"BloodRayne (2005)","Action|Fantasy",2.08333333333333
"64",119141,"The Interview (2014)","Action|Comedy",2.95833333333333
"65",4443,"Outland (1981)","Action|Sci-Fi|Thriller",3.625
"66",8012,"Kikujiro (Kikujirô no natsu) (1999)","Comedy|Drama",4
"67",26694,"Ju Dou (1990)","Drama",4.5
"68",3355,"Ninth Gate, The (1999)","Fantasy|Horror|Mystery|Thriller",3.39285714285714
"69",57274,"[REC] (2007)","Drama|Horror|Thriller",3.97058823529412
"70",2249,"My Blue Heaven (1990)","Comedy",3.15
"71",4574,"Blind Fury (1989)","Action|Thriller",3
"72",4878,"Donnie Darko (2001)","Drama|Mystery|Sci-Fi|Thriller",3.90196078431373
"73",1425,"Fierce Creatures (1997)","Comedy",3.21052631578947
"74",49007,"Arabesque (1966)","Adventure|Drama|Romance|Thriller",0.5
"75",7982,"Tale of Two Sisters, A (Janghwa, Hongryeon) (2003)","Drama|Horror|Mystery|Thriller",2.91666666666667
"76",494,"Executive Decision (1996)","Action|Adventure|Thriller",3.42056074766355
"77",69529,"Home (2009)","Documentary",3.4
"78",2687,"Tarzan (1999)","Adventure|Animation|Children|Drama",3.54109589041096
"79",46322,"Jet Li's Fearless (Huo Yuan Jia) (2006)","Action|Drama",4.02941176470588
"80",132261,"King Lear (1971)","Drama",3.5
"81",3161,"Onegin (1999)","Drama|Romance",3
"82",144604,"Running Out of Time 2 (2001)","Action|Crime|Thriller",3.5
"83",101294,"Shanghai Calling (2012)","Comedy|Drama|Romance",3.5
"84",459,"Getaway, The (1994)","Action|Adventure|Crime|Drama|Romance|Thriller",2.28571428571429
"85",8792,"Octane (2003)","Horror|Thriller",2
"86",103107,"20 Feet from Stardom (Twenty Feet from Stardom) (2013)","Documentary",4
"87",90428,"Margaret (2011)","Drama",3.5
"88",6319,"My Father the Hero (Mon père, ce héros.) (1991)","Comedy|Drama",2.75
"89",73392,"Collapse (2009)","Documentary",5
"90",26732,"Johnny Stecchino (1991)","Comedy",4
"91",34,"Babe (1995)","Children|Drama",3.57401315789474
"92",7450,"Laws of Attraction (2004)","Comedy|Romance",3
"93",3270,"Cutting Edge, The (1992)","Comedy|Drama|Romance",3.19444444444444
"94",89090,"Bill Cunningham New York (2011)","Documentary",3.5
"95",175199,"Annabelle: Creation (2017)","Horror",3
"96",4680,"Vampire's Kiss (1989)","Comedy|Fantasy|Horror",3.66666666666667
"97",2774,"Better Than Chocolate (1999)","Comedy|Romance",3.7
"98",62553,"Secret Life of Bees, The (2008)","Drama",3.33333333333333
"99",455,"Free Willy (1993)","Adventure|Children|Drama",2.60919540229885
"100",91597,"This Is Not a Film (In film nist) (2011)","Documentary",4
"101",925,"Golden Earrings (1947)","Adventure|Romance|War",3.33333333333333
"102",5633,"Heaven (2002)","Drama",3.125
"103",104762,"Teacher, A (2013)","Drama",2.5
"104",2749,"Morning After, The (1986)","Drama|Mystery",3.33333333333333
"105",57946,"Noriko's Dinner Table (Noriko no shokutaku) (2005)","Drama|Horror",3.75
"106",43926,"Doogal (2006)","Animation|Children",3.5
"107",26203,"Colossus: The Forbin Project (1970)","Sci-Fi|Thriller",2.33333333333333
"108",115629,"Marshland (2014)","Crime|Thriller",3.5
"109",162,"Crumb (1994)","Documentary",3.84166666666667
"110",34076,"Right Now (À tout de suite) (2004)","Crime|Drama|Romance|Thriller",4
"111",6946,"Looney Tunes: Back in Action (2003)","Action|Animation|Children|Fantasy",3
"112",106076,"Precision: The Measure of All Things (2013)","Documentary",5
"113",3793,"X-Men (2000)","Action|Adventure|Sci-Fi",3.59090909090909
"114",1297,"Real Genius (1985)","Comedy",4
"115",2773,"Alice and Martin (Alice et Martin) (1998)","Drama",4
"116",161032,"The Grandmother (1970)","Action|Drama",3
"117",82459,"True Grit (2010)","Western",3.84939759036145
"118",3121,"Hitch-Hiker, The (1953)","Drama|Film-Noir",4
"119",5217,"Super Fuzz (a.k.a. Super Snooper) (Poliziotto superpiù) (1980)","Action|Comedy|Sci-Fi",3.5
"120",152091,"The Brothers Grimsby (2016)","Comedy",2.4375
"121",90578,"Dream House (2011)","Drama|Mystery|Thriller",2.83333333333333
"122",6721,"Once Upon a Time in China (Wong Fei Hung) (1991)","Action|Adventure|Drama",3.70833333333333
"123",2583,"Cookie's Fortune (1999)","Comedy|Drama",3.3125
"124",111813,"Narco Cultura (2013)","Documentary",3.5
"125",4065,"Foxy Brown (1974)","Action|Crime|Drama",3
"126",62203,"Martyrs (2008)","Horror",3.95454545454545
"127",65193,"Wild Child (2008)","Drama|Romance",2.78571428571429
"128",4190,"Elmer Gantry (1960)","Drama",3.08333333333333
"129",3963,"Unsinkable Molly Brown, The (1964)","Musical",2.875
"130",3398,"Muppets Take Manhattan, The (1984)","Children|Comedy|Musical",3.48076923076923
"131",170709,"Teen Titans: The Judas Contract (2017)","Action|Animation|Sci-Fi",0.5
"132",169750,"Stake Land II: The Stakelander (2016)","Action|Horror",3.5
"133",226,"Dream Man (1995)","Thriller",2
"134",55854,"Fugitive, The (1947)","Drama",4
"135",45335,"Footlight Parade (1933)","Comedy|Musical|Romance",4.66666666666667
"136",4117,"Hope and Glory (1987)","Drama",3.71875
"137",8682,"Last Valley, The (1971)","Adventure",3.5
"138",111680,"At Middleton (2013)","Comedy|Romance",2.5
"139",1892,"Perfect Murder, A (1998)","Thriller",3.33333333333333
"140",7063,"Aguirre: The Wrath of God (Aguirre, der Zorn Gottes) (1972)","Adventure|Drama",3.72727272727273
"141",93805,"Iron Sky (2012)","Action|Comedy|Sci-Fi",3.75
"142",5139,"Bad News Bears, The (1976)","Comedy",3.41666666666667
"143",3238,"Eye of the Beholder (1999)","Thriller",2.52941176470588
"144",6834,"Wilder Napalm (1993)","Comedy|Fantasy|Romance",2.5
"145",93831,"American Reunion (American Pie 4) (2012)","Comedy",2.71428571428571
"146",6667,"Waco: The Rules of Engagement (1997)","Documentary",3.66666666666667
"147",205,"Unstrung Heroes (1995)","Comedy|Drama",3.42857142857143
"148",6994,"Hard Way, The (1991)","Action|Comedy",4.5
"149",125918,"Expelled (2014)","Comedy",4
"150",78574,"Winter's Bone (2010)","Drama|Thriller",3.63333333333333
"151",7003,"Kafka (1991)","Comedy|Drama|Mystery|Sci-Fi|Thriller",3.25
"152",454,"Firm, The (1993)","Drama|Thriller",3.49209486166008
"153",5465,"All About Lily Chou-Chou (Riri Shushu no subete) (2001)","Crime|Drama|Thriller",1.5
"154",3218,"Poison (1991)","Drama",2
"155",33675,"After You (Après vous...) (2003)","Comedy|Romance",4.5
"156",123349,"The Unholy (1988)","Horror",0.5
"157",3740,"Big Trouble in Little China (1986)","Action|Adventure|Comedy|Fantasy",3.42063492063492
"158",130978,"Love and Pigeons (1985)","Comedy|Romance",4.75
"159",54229,"When the Wind Blows (1986)","Animation|War",4
"160",184997,"Love, Simon (2018)","Comedy|Drama",3.375
"161",27869,"Tae Guk Gi: The Brotherhood of War (Taegukgi hwinalrimyeo) (2004)","Action|Drama|War",3.83333333333333
"162",192559,"The House with a Clock in Its Walls (2018)","Children|Fantasy|Horror|Mystery|Sci-Fi|Thriller",2.5
"163",136333,"Scooby-Doo and the Ghoul School (1988)","Animation|Children",3
"164",8258,"Citizen Toxie: The Toxic Avenger IV (2000)","Action|Comedy|Horror",4
"165",165101,"Inferno (2016)","Mystery|Thriller",3.22222222222222
"166",104576,"Seasoning House, The (2012)","Horror|Thriller",2
"167",59615,"Indiana Jones and the Kingdom of the Crystal Skull (2008)","Action|Adventure|Comedy|Sci-Fi",2.94117647058824
"168",204698,"Joker (2019)","Crime|Drama|Thriller",4.09090909090909
"169",3744,"Shaft (2000)","Action|Crime|Thriller",2.48611111111111
"170",194074,"The Hate U Give (2018)","Crime|Drama",1.5
"171",2536,"Concorde: Airport '79, The (1979)","Drama",1.7
"172",202741,"Betting On The Bride (2017)","Romance",4
"173",132965,"Appropriate Behaviour (2014)","Comedy|Drama|Romance",5
"174",1889,"Insomnia (1997)","Drama|Mystery|Thriller",3.46666666666667
"175",4246,"Bridget Jones's Diary (2001)","Comedy|Drama|Romance",3.20901639344262
"176",3249,"Hand That Rocks the Cradle, The (1992)","Drama|Thriller",3.11538461538462
"177",196559,"Adventures of Mowgli: Akela's Last Hunt (1969)","Adventure|Animation|Children",5
"178",160567,"Mike & Dave Need Wedding Dates (2016)","Comedy",2.5
"179",172091,"8 New Dates (2015)","Comedy|Romance",3
"180",6256,"House with Laughing Windows, The (Casa dalle finestre che ridono, La) (1976)","Horror|Mystery|Thriller",4
"181",193595,"The Land of Steady Habits (2018)","Comedy|Drama",1
"182",62803,"Lone Wolf and Cub: Baby Cart in Peril (Kozure Ôkami: Oya no kokoro ko no kokoro) (1972)","Action",4
"183",149850,"Another Time, Another Place (1983)","Drama",5
"184",126747,"Lotta på Bråkmakargatan (1992)","Children",3
"185",5658,"Hanky Panky (1982)","Comedy",2.75
"186",1325,"Amityville: A New Generation (1993)","Horror",1.25
"187",148881,"World of Tomorrow (2015)","Animation|Comedy",4.5
"188",5977,"Where's Poppa? (1970)","Comedy",3.75
"189",6421,"Rare Breed, The (1966)","Action|Drama|Romance|Western",3.75
"190",26680,"Cry-Baby (1990)","Comedy|Musical|Romance",3.11111111111111
"191",6809,"Tightrope (1984)","Thriller",3
"192",63082,"Slumdog Millionaire (2008)","Crime|Drama|Romance",3.81862745098039
"193",45720,"Devil Wears Prada, The (2006)","Comedy|Drama",3.4009900990099
"194",60032,"Hounddog (2007)","Drama",2
"195",13,"Balto (1995)","Adventure|Animation|Children",3.57142857142857
"196",35082,"Lila Says (Lila dit ça) (2004)","Crime|Drama|Romance",3
"197",8153,"Lust for Life (1956)","Drama",2.5
"198",26462,"Bad Boys (1983)","Crime|Drama|Thriller",3.58333333333333
"199",136477,"One Froggy Evening (1955)","Animation|Children|Comedy",3.375
"200",45003,"Shutter (2004)","Fantasy|Horror|Mystery|Thriller",3.58333333333333
"201",60763,"American Teen (2008)","Documentary",2.66666666666667
"202",73501,"Pekka ja Pätkä Suezilla (1958)","Comedy",3
"203",104998,"Paradise: Faith (Paradies: Glaube) (2012)","Drama",2.5
"204",55830,"Be Kind Rewind (2008)","Comedy",3.29545454545455
"205",40898,"Our Vines Have Tender Grapes (1945)","Drama",3.5
"206",3999,"Vertical Limit (2000)","Action|Adventure",3.08974358974359
"207",5854,"Sharky's Machine (1981)","Crime|Drama|Romance",2
"208",4534,"Return to Snowy River (a.k.a. The Man From Snowy River II) (1988)","Adventure|Drama|Western",4
"209",1887,"Almost Heroes (1998)","Adventure|Comedy|Western",2.57142857142857
"210",136726,"The Last Time You Had Fun (2015)","Comedy|Drama",2.5
"211",5545,"Unearthly, The (1957)","Horror|Sci-Fi",3.5
"212",6021,"American Friend, The (Amerikanische Freund, Der) (1977)","Crime|Drama|Mystery|Thriller",3
"213",101640,"Don (2006)","Action|Crime|Musical",1.5
"214",148,"Awfully Big Adventure, An (1995)","Drama",2
"215",80339,"Homecoming (2009)","Drama|Thriller",3.5
"216",45503,"Peaceful Warrior (2006)","Drama",3.4375
"217",2796,"Funny Farm (1988)","Comedy",3.38461538461538
"218",67792,"Black Balloon, The (2008)","Drama",4
"219",7933,"Night in Casablanca, A (1946)","Comedy",5
"220",97933,"5 Broken Cameras (2011)","Documentary",4.5
"221",1200,"Aliens (1986)","Action|Adventure|Horror|Sci-Fi",4.03650793650794
"222",192749,"Along With the Gods: The Last 49 Days (2018)","Action|Adventure|Drama|Fantasy",4
"223",2494,"Last Days, The (1998)","Documentary",2.5
"224",121275,"Highway to Hell (1991)","Action|Comedy|Fantasy|Horror",3
"225",3968,"Bedazzled (2000)","Comedy",2.96739130434783
"226",66200,"Two Lovers (2008)","Drama|Romance",3.125
"227",56156,"Hitman (2007)","Action|Crime|Thriller",2.94117647058824
"228",66015,"Passchendaele (2008)","Action|Drama|Romance|War",4.5
"229",160563,"The Legend of Tarzan (2016)","Action|Adventure",2.25
"230",6122,"Richard Pryor Live on the Sunset Strip (1982)","Comedy|Documentary",3.4
"231",6097,"Manhattan Baby (1982)","Horror",2.5
"232",73,"Misérables, Les (1995)","Drama|War",3.91666666666667
"233",665,"Underground (1995)","Comedy|Drama|War",3.78571428571429
"234",8865,"Sky Captain and the World of Tomorrow (2004)","Action|Adventure|Sci-Fi",3.17142857142857
"235",37731,"Green Street Hooligans (a.k.a. Hooligans) (2005)","Crime|Drama",3.46875
"236",1518,"Breakdown (1997)","Action|Thriller",3.18055555555556
"237",183251,"Scorched Earth (2017)","Action|Sci-Fi",2.25
"238",101262,"Geek Charming (2011)","Comedy",4.5
"239",142509,"Hardcore Henry (2015)","Action|Adventure|Sci-Fi",3.125
"240",1185,"My Left Foot (1989)","Drama",3.95588235294118
"241",33621,"Somersault (2004)","Drama",4
"242",5025,"Orange County (2002)","Comedy",3.15217391304348
"243",2979,"Body Shots (1999)","Drama",3
"244",140868,"Match (2014)","Comedy|Drama",4
"245",96096,"Mais qui a tué Pamela Rose ? (2003)","Comedy",3.5
"246",32296,"Miss Congeniality 2: Armed and Fabulous (2005)","Adventure|Comedy|Crime",2.34090909090909
"247",65588,"Gamers, The: Dorkness Rising (2008)","Action|Adventure|Comedy|Fantasy",3.5
"248",31156,"Abbott and Costello Meet the Invisible Man (1951)","Comedy|Sci-Fi",3.16666666666667
"249",2085,"101 Dalmatians (One Hundred and One Dalmatians) (1961)","Adventure|Animation|Children",3.40789473684211
"250",145384,"The Absent One (2014)","Crime|Thriller",3
"251",656,"Eddie (1996)","Comedy",3.31818181818182
"252",197537,"Velvet Buzzsaw (2019)","Crime|Drama|Horror|Mystery|Thriller",3.5
"253",3489,"Hook (1991)","Adventure|Comedy|Fantasy",3.28645833333333
"254",162724,"In Search of the Ultra-Sex (2015)","Comedy",3.5
"255",114455,"Night They Raided Minsky's, The (Night They Invented Striptease, The) (1968)","Comedy",5
"256",126110,"The Black Cat (1941)","Mystery|Thriller",3.5
"257",27879,"DiG! (2004)","Documentary",2.75
"258",8835,"Paparazzi (2004)","Drama|Thriller",2.5
"259",144716,"Rock the Kasbah (2015)","Comedy",2
"260",49754,"Daniel (1983)","Drama",3.5
"261",7004,"Kindergarten Cop (1990)","Action|Comedy|Crime|Thriller",2.88157894736842
"262",1619,"Seven Years in Tibet (1997)","Adventure|Drama|War",3.51724137931034
"263",2723,"Mystery Men (1999)","Action|Comedy|Fantasy",2.88461538461538
"264",25825,"Fury (1936)","Drama|Film-Noir",3.5
"265",924,"2001: A Space Odyssey (1968)","Adventure|Drama|Sci-Fi",4.00932835820895
"266",50068,"Letters from Iwo Jima (2006)","Drama|War",3.96875
"267",100244,"East, The (2013)","Drama",4
"268",117146,"Lucky Them (2013)","Drama",4
"269",4989,"How High (2001)","Comedy",1.875
"270",125936,"Crac (1981)","Animation",3.5
"271",152079,"London Has Fallen (2016)","Action|Crime|Thriller",2.78571428571429
"272",117430,"Gone Nutty (2002)","Animation|Comedy",3
"273",2993,"Thunderball (1965)","Action|Adventure|Thriller",3.72972972972973
"274",7459,"Carandiru (2003)","Crime|Drama",4.16666666666667
"275",3799,"Pokémon the Movie 2000 (2000)","Animation|Children",2.25
"276",97065,"Viy or Spirit of Evil (Viy) (1967)","Comedy|Drama|Fantasy|Horror",3.83333333333333
"277",103208,"Place at the Table, A (2012)","Documentary",3.5
"278",77891,"Little Fugitive (1953)","Drama",4
"279",4960,"Independent, The (2000)","Comedy",3
"280",30818,"Beyond the Sea (2004)","Drama|Musical",2.5
"281",45728,"Clerks II (2006)","Comedy",3.33720930232558
"282",5275,"Boxcar Bertha (1972)","Drama",2
"283",32025,"Walk on Water (2004)","Drama|Thriller",4.66666666666667
"284",92408,"Batch '81 (1982)","Drama",4
"285",97936,"Anna Karenina (2012)","Drama",3.0625
"286",80222,"Step Up 3D (2010)","Drama|Romance",2.875
"287",2834,"Very Thought of You, The (1998)","Comedy|Romance",2.75
"288",193287,"The World Is Yours (2018)","Comedy|Crime|Drama",3.5
"289",44234,"Illustrated Man, The (1969)","Sci-Fi",3.5
"290",4794,"Opera (1987)","Crime|Horror|Mystery",3.1
"291",7458,"Troy (2004)","Action|Adventure|Drama|War",3.27840909090909
"292",25742,"Destiny (a.k.a. Between Two Worlds) (Der müde Tod) (1921)","Fantasy",4
"293",4743,"Tortilla Soup (2001)","Comedy|Romance",3.66666666666667
"294",26082,"Harakiri (Seppuku) (1962)","Drama",3.81818181818182
"295",109072,"Sabotage (2014)","Action|Crime|Drama",3.16666666666667
"296",195855,"Death Race 4: Beyond Anarchy (2018)","Action",1
"297",165117,"Louis Theroux: Savile (2016)","Documentary",3
"298",157340,"The Angry Birds Movie (2016)","Animation|Comedy",3.125
"299",147246,"Adventures of Mowgli (1973)","Animation|Children",5
"300",78276,"Hail Mary ('Je vous salue, Marie') (1985)","Drama",3
"301",96991,"Sapphires, The (2012)","Comedy|Drama|Musical",4
"302",42418,"New World, The (2005)","Adventure|Drama|Romance",2.92857142857143
"303",3528,"Prince of Tides, The (1991)","Drama|Romance",3.14285714285714
"304",4589,"Eddie and the Cruisers (1983)","Drama|Musical|Mystery",3.4
"305",6159,"All the Real Girls (2003)","Drama|Romance",3.91666666666667
"306",1307,"When Harry Met Sally... (1989)","Comedy|Romance",3.84166666666667
"307",202547,"Good Sam (2019)","Drama|Romance",1.5
"308",2590,"Hideous Kinky (1998)","Drama",3.75
"309",3423,"School Daze (1988)","Drama",2.25
"310",969,"African Queen, The (1951)","Adventure|Comedy|Romance|War",4.22413793103448
"311",79519,"Trans-Europ-Express (1966)","Thriller",3.5
"312",8889,"Legacy, The (1978)","Horror",3
"313",4822,"Max Keeble's Big Move (2001)","Children|Comedy",2.875
"314",8848,"Vitelloni, I (a.k.a. The Young and the Passionate) (1953)","Drama",3.16666666666667
"315",134370,"Still the Water (2014)","Romance",3
"316",87430,"Green Lantern (2011)","Action|Adventure|Sci-Fi",2.35714285714286
"317",194200,"Hell Fest (2018)","Horror",3
"318",199694,"Despicable Me Presents: Minion Madness (2010)","Adventure|Animation|Children|Comedy",4
"319",166042,"Riley's First Date? (2015)","Animation|Children",3
"320",6493,"Alex and Emma (2003)","Comedy|Drama|Romance",2.875
"321",3508,"Outlaw Josey Wales, The (1976)","Action|Adventure|Drama|Thriller|Western",3.9
"322",570,"Slingshot, The (Kådisbellan) (1993)","Comedy|Drama",1
"323",906,"Gaslight (1944)","Drama|Thriller",4.02272727272727
"324",5199,"Long Riders, The (1980)","Western",4
"325",98981,"Arrival of a Train, The (1896)","Documentary",4
"326",113843,"Killing Us Softly 4: Advertising's Image of Women (2010)","Documentary",3.5
"327",71131,"Most Hated Family in America, The (2007)","Documentary",3.66666666666667
"328",6334,"Blue Car (2002)","Drama",2.33333333333333
"329",60487,"It's the Great Pumpkin, Charlie Brown (1966)","Animation|Children|Comedy",3
"330",158870,"The Monkey King the Legend Begins","Action|Adventure|Fantasy",5
"331",5685,"Real Women Have Curves (2002)","Comedy|Drama",3.375
"332",1029,"Dumbo (1941)","Animation|Children|Drama|Musical",3.46739130434783
"333",185481,"Ghostland (2018)","Horror",2.5
"334",116887,"Exodus: Gods and Kings (2014)","Action|Adventure|Drama",2.125
"335",5033,"Russia House, The (1990)","Drama|Thriller",2.66666666666667
"336",83480,"Season of the Witch (2011)","Adventure|Drama|Fantasy",2.5
"337",180017,"Spyder (2017)","Action|Thriller",3
"338",153794,"Camaraderie (2008)","Comedy|Drama|Romance",2.5
"339",97860,"Killing Them Softly (2012)","Crime|Drama|Thriller",2.75
"340",6223,"Spun (2001)","Comedy|Crime|Drama",3.66666666666667
"341",115172,"Disappearance of Eleanor Rigby: Them, The (2014)","Drama",3.75
"342",5585,"Ernest Scared Stupid (1991)","Comedy",1.16666666666667
"343",109720,"Contracted (2013)","Drama|Horror|Thriller",4
"344",61255,"Rocker, The (2008)","Comedy",3.25
"345",33644,"Dominion: Prequel to the Exorcist (2005)","Horror|Thriller",2.5
"346",4748,"3 Ninjas (1992)","Action|Children|Comedy",2.14285714285714
"347",2350,"Heart Condition (1990)","Comedy",2.625
"348",89118,"Skin I Live In, The (La piel que habito) (2011)","Drama",3.78947368421053
"349",108932,"The Lego Movie (2014)","Action|Adventure|Animation|Children|Comedy|Fantasy",3.6474358974359
"350",44840,"Benchwarmers, The (2006)","Comedy",3.7
"351",1695,"Artemisia (1997)","Drama",3.5
"352",97024,"Rust and Bone (De rouille et d'os) (2012)","Drama|Romance",3.16666666666667
"353",96664,"Where Do We Go Now? (2011)","Comedy|Drama",3.75
"354",1544,"Lost World: Jurassic Park, The (1997)","Action|Adventure|Sci-Fi|Thriller",2.93893129770992
"355",85211,"Norwegian Wood (Noruwei no mori) (2010)","Drama|Romance",3.5
"356",3077,"42 Up (1998)","Documentary",3.625
"357",3885,"Love & Sex (2000)","Comedy|Drama|Romance",4
"358",96610,"Looper (2012)","Action|Crime|Sci-Fi",3.625
"359",88248,"Quarantine 2: Terminal (2011)","Horror|Mystery|Sci-Fi",3
"360",7050,"Follow the Fleet (1936)","Comedy|Musical|Romance",4
"361",571,"Wedding Gift, The (1994)","Drama|Romance",3
"362",6113,"Godard's Passion (Passion) (1982)","Drama",4.5
"363",43923,"Tyler Perry's Madea's Family Reunion (2006)","Comedy|Drama",4
"364",107771,"Only Lovers Left Alive (2013)","Drama|Horror|Romance",3.59090909090909
"365",63853,"Australia (2008)","Adventure|Drama|War|Western",2.83333333333333
"366",72294,"Christmas Carol, A (2009)","Animation|Children|Drama|Fantasy|IMAX",2.95
"367",156362,"Cyclone (1987)","Action|Thriller",1.5
"368",74754,"Room, The (2003)","Comedy|Drama|Romance",2.21428571428571
"369",162870,"Irreplaceable (2016)","Comedy|Drama",1.5
"370",137146,"As It Is in Heaven (2014)","Drama",4
"371",2731,"400 Blows, The (Les quatre cents coups) (1959)","Crime|Drama",3.88235294117647
"372",205383,"El Camino: A Breaking Bad Movie (2019)","Crime|Drama|Thriller",3.4375
"373",83827,"Marwencol (2010)","Documentary",3.75
"374",203449,"The Lonely Island Presents: The Unauthorized Bash Brothers Experience (2019)","Comedy",3
"375",43883,"Great McGinty, The (1940)","Comedy",5
"376",129516,"Poison (1951)","Comedy",4
"377",25785,"Land Without Bread (Hurdes, tierra sin pan, Las) (1933)","Documentary|Drama",3
"378",191861,"Europe, She Loves (2016)","Documentary",0.5
"379",6345,"Chorus Line, A (1985)","Comedy|Drama|Musical",4.125
"380",3723,"Hamlet (1990)","Drama",3.67307692307692
"381",1641,"Full Monty, The (1997)","Comedy|Drama",3.73417721518987
"382",26391,"New York, New York (1977)","Drama|Musical|Romance",3.25
"383",176605,"Menashe (2017)","Drama",1
"384",3036,"Quest for Fire (Guerre du feu, La) (1981)","Adventure|Drama",3.3
"385",1379,"Young Guns II (1990)","Action|Western",2.68181818181818
"386",1354,"Breaking the Waves (1996)","Drama|Mystery",4.21153846153846
"387",2096,"Sleeping Beauty (1959)","Animation|Children|Musical",3.61267605633803
"388",2844,"Minus Man, The (1999)","Drama|Mystery",2.375
"389",180265,"Jim & Andy: The Great Beyond (2017)","Documentary",4.25
"390",169670,"The Void (2016)","Horror",2.5
"391",7072,"Stagecoach (1939)","Action|Drama|Romance|Western",3.6
"392",2007,"Polish Wedding (1998)","Comedy",3
"393",31133,"Deathwatch (2002)","Drama|Horror|Thriller|War",4
"394",3210,"Fast Times at Ridgemont High (1982)","Comedy|Drama|Romance",3.63013698630137
"395",54328,"My Best Friend (Mon meilleur ami) (2006)","Comedy",3.4
"396",57502,"Cat Soup (Nekojiru-so) (2001)","Adventure|Animation|Drama|Horror",3.25
"397",58876,"Stop-Loss (2008)","Drama|War",3.5
"398",26776,"Porco Rosso (Crimson Pig) (Kurenai no buta) (1992)","Adventure|Animation|Comedy|Fantasy|Romance",4.03846153846154
"399",110718,"Fading Gigolo (2013)","Comedy",2.5
"400",4965,"Business of Strangers, The (2001)","Action|Drama|Thriller",3.125
"401",3892,"Anatomy (Anatomie) (2000)","Horror",1
"402",194510,"People's Republic of Desire (2018)","Documentary",4
"403",100277,"Tabu (2012)","Drama|Romance",0.5
"404",8292,"Hakuchi (1951)","Crime|Drama|Romance",3
"405",37058,"Edge of the World, The (1937)","Drama|Romance",3
"406",3662,"Puppet Master III: Toulon's Revenge (1991)","Horror|Sci-Fi|Thriller",1.5
"407",3442,"Band of the Hand (1986)","Action|Crime|Drama",1
"408",1794,"Love and Death on Long Island (1997)","Comedy|Drama",3.6875
"409",80615,"Legend of the Guardians: The Owls of Ga'Hoole (2010)","Adventure|Animation|Fantasy|IMAX",3.08333333333333
"410",2518,"Night Shift (1982)","Comedy",3.40909090909091
"411",164823,"Do Not Resist (2016)","Documentary",3.5
"412",97470,"Catch .44 (2011)","Action|Drama|Thriller",2
"413",31923,"Three Musketeers, The (1973)","Action|Adventure|Comedy",3.4
"414",6341,"Shape of Things, The (2003)","Drama",3
"415",2530,"Beneath the Planet of the Apes (1970)","Action|Sci-Fi",2.8695652173913
"416",451,"Flesh and Bone (1993)","Drama|Mystery|Romance",3.25
"417",40723,"Wolf Creek (2005)","Crime|Horror|Thriller",3.5
"418",5035,"Wuthering Heights (1970)","Drama",3
"419",1569,"My Best Friend's Wedding (1997)","Comedy|Romance",3.33606557377049
"420",6699,"Once Upon a Time in the Midlands (2002)","Drama",2
"421",26788,"Story of Qiu Ju, The (Qiu Ju da guan si) (1992)","Comedy|Drama",4
"422",4081,"Back to the Beach (1987)","Comedy",1.5
"423",2081,"Little Mermaid, The (1989)","Animation|Children|Comedy|Musical|Romance",3.4047619047619
"424",129669,"Kids for Cash (2014)","Documentary|Thriller",3.5
"425",95449,"Magic Mike (2012)","Drama|Romance",3
"426",129409,"Foon (2005)","Comedy",3.5
"427",4985,"Sheena (1984)","Action|Adventure|Fantasy",1.83333333333333
"428",6678,"Handmaid's Tale, The (1990)","Drama|Sci-Fi",3.5
"429",176101,"Kingsman: The Golden Circle (2017)","Action|Adventure|Comedy",3.28125
"430",46062,"High School Musical (2006)","Children|Comedy|Drama|Musical|Romance",3.08333333333333
"431",1224,"Henry V (1989)","Action|Drama|Romance|War",4.32857142857143
"432",79588,"Charlie St. Cloud (2010)","Drama|Fantasy|Romance",4.16666666666667
"433",52950,"Day Watch (Dnevnoy dozor) (2006)","Action|Fantasy|Horror|Thriller",3.6
"434",3922,"Bikini Beach (1964)","Comedy",2
"435",3794,"Chuck & Buck (2000)","Comedy|Drama",3.125
"436",79901,"Danse: The Paris Opera Ballet, La (La Danse - Le ballet de l'Opéra de Paris) (2009)","Documentary",4
"437",64167,"Dinotopia (2002)","Adventure|Fantasy",2
"438",207243,"Deon Cole: Cole Hearted (2019)","Comedy",3.5
"439",99760,"Secrets of the Tribe (2010)","Documentary",3.5
"440",2041,"Condorman (1981)","Action|Adventure|Children|Comedy",2.80769230769231
"441",6322,"Confidence (2003)","Crime|Thriller",3.0625
"442",55278,"Sleuth (2007)","Drama|Mystery|Thriller",1.5
"443",115414,"Left Behind (2014)","Action|Sci-Fi|Thriller",4.5
"444",27033,"Kingdom II, The (Riget II) (1997)","Drama|Horror|Mystery",4.5
"445",183913,"The Firm (1989)","Drama",3
"446",5580,"Aspen Extreme (1993)","Action",3.25
"447",72393,"Fourth Kind, The (2009)","Horror|Mystery|Sci-Fi|Thriller",2.875
"448",117,"Young Poisoner's Handbook, The (1995)","Crime|Drama",3.65384615384615
"449",66789,"Screamers: The Hunting (2009)","Sci-Fi|Thriller",2.5
"450",33823,"Bridge of San Luis Rey, The (2004)","Drama",2.5
"451",1331,"Audrey Rose (1977)","Horror",3.25
"452",84471,"Mysterious Object at Noon (Dokfa nai meuman) (2000)","Drama|Mystery",3
"453",8859,"SuperBabies: Baby Geniuses 2 (2004)","Comedy",0.5
"454",90730,"Sometimes They Come Back (1991)","Drama|Fantasy|Horror|Thriller",2.5
"455",4686,"Weekend at Bernie's II (1993)","Adventure|Comedy",1.95833333333333
"456",510,"Poetic Justice (1993)","Drama",3.14705882352941
"457",7033,"Secret of My Succe$s, The (a.k.a. The Secret of My Success) (1987)","Comedy|Romance",4
"458",56563,"Helvetica (2007)","Documentary",2.75
"459",26174,"The Shooting (1966)","Western",2.75
"460",145418,"Trumbo (2015)","Drama",2.75
"461",6851,"Gas, Food, Lodging (1992)","Drama|Romance",3.8
"462",1846,"Nil By Mouth (1997)","Drama",3.5
"463",85056,"I Am Number Four (2011)","Action|Sci-Fi|Thriller|IMAX",2.65789473684211
"464",8810,"AVP: Alien vs. Predator (2004)","Action|Horror|Sci-Fi|Thriller",2.61538461538462
"465",2552,"My Boyfriend's Back (1993)","Comedy",1.33333333333333
"466",6456,"This Man Must Die (Que la bête meure) (1969)","Crime|Drama|Thriller",4
"467",199982,"The Wedding Guest (2019)","Drama",3
"468",4259,"Luzhin Defence, The (2000)","Drama|Romance",3.33333333333333
"469",628,"Primal Fear (1996)","Crime|Drama|Mystery|Thriller",3.71759259259259
"470",31079,"Son of Godzilla (Kaijûtô no kessen: Gojira no musuko) (1967)","Sci-Fi",3
"471",27647,"Tipping the Velvet (2002)","Comedy|Drama|Romance",5
"472",6711,"Lost in Translation (2003)","Comedy|Drama|Romance",3.76431718061674
"473",185927,"Wild Wild Country (2018)","Documentary",4
"474",2024,"Rapture, The (1991)","Drama|Mystery",3.35
"475",2138,"Watership Down (1978)","Adventure|Animation|Children|Drama|Fantasy",3.58620689655172
"476",85131,"Battle: Los Angeles (2011)","Action|Sci-Fi|War",2.96666666666667
"477",195755,"The Great Buster: A Celebration (2018)","Documentary",4
"478",67997,"In the Loop (2009)","Comedy",3.93333333333333
"479",5090,"Hunchback of Notre Dame, The (Notre Dame de Paris) (1956)","Drama",3
"480",3222,"Carmen (1984)","Drama",4
"481",3962,"Ghoulies II (1987)","Comedy|Horror",1.91666666666667
"482",193589,"Boy Erased (2018)","Drama",2.25
"483",133867,"Barely Lethal (2015)","Action|Adventure|Comedy",2
"484",4072,"Faithless (Trolösa) (2000)","Drama|Romance",3.5
"485",55814,"Diving Bell and the Butterfly, The (Scaphandre et le papillon, Le) (2007)","Drama",3.75
"486",1986,"Halloween 5: The Revenge of Michael Myers (1989)","Horror",2
"487",166643,"Hidden Figures (2016)","Drama",4.14285714285714
"488",2338,"I Still Know What You Did Last Summer (1998)","Horror|Mystery|Thriller",2.1547619047619
"489",110771,"Other Woman, The (2014)","Comedy|Romance",3.07142857142857
"490",947,"My Man Godfrey (1936)","Comedy|Romance",3.97058823529412
"491",185665,"WWE: You Think You Know Me? The Story of Edge (2012)","Action|Documentary",0.5
"492",151,"Rob Roy (1995)","Action|Drama|Romance|War",3.56967213114754
"493",174815,"The House (2017)","Comedy",3.75
"494",838,"Emma (1996)","Comedy|Drama|Romance",3.74647887323944
"495",167488,"Collide (2016)","Action|Thriller",3
"496",158956,"Kill Command (2016)","Action|Horror|Sci-Fi",3.375
"497",27408,"Ripley's Game (2002)","Drama|Thriller",1
"498",6973,"Final Analysis (1992)","Drama|Romance|Thriller",2
"499",104093,"Attack, The (2012)","Drama",3
"500",102972,"East, West, East: The Final Sprint (2009)","Comedy|Drama",3
"501",181205,"Control (2017)","Action|Crime|Drama",3
"502",110127,"Noah (2014)","Adventure|Drama|IMAX",2.55555555555556
"503",8947,"Grudge, The (2004)","Horror|Mystery|Thriller",2.81818181818182
"504",204132,"Secret Obsession (2019)","Drama|Thriller",2
"505",5456,"Wagons East (1994)","Comedy|Western",2.4
"506",5538,"Care Bears Movie, The (1985)","Animation|Children|Fantasy",2.75
"507",80831,"Let Me In (2010)","Drama|Horror|Mystery",3.73333333333333
"508",830,"First Wives Club, The (1996)","Comedy",3.13793103448276
"509",2840,"Stigmata (1999)","Drama|Thriller",2.91666666666667
"510",38097,"Dumplings (Gaau ji) (2004)","Drama|Horror|Thriller",3.66666666666667
"511",168250,"Get Out (2017)","Horror",4.12962962962963
"512",56885,"Great Debaters, The (2007)","Drama",4
"513",73188,"Mayerling (1936)","Drama",3.5
"514",108689,"I, Frankenstein (2014)","Action|Fantasy|Sci-Fi|IMAX",3
"515",6217,"Safety of Objects, The (2001)","Drama",3.66666666666667
"516",6414,"Gay Purr-ee (1962)","Animation|Children|Musical",3.5
"517",77353,"Achilles and the Tortoise (Akiresu to kame) (2008)","Comedy",4
"518",27838,"Mean Creek (2004)","Drama|Thriller",3.125
"519",32298,"Guess Who (2005)","Comedy|Romance",3.625
"520",83219,"Pixar Story, The (2007)","Documentary",1.75
"521",164679,"Gondolj rám (2016)","Comedy|Drama",3
"522",6734,"Memoirs of an Invisible Man (1992)","Comedy|Romance|Sci-Fi|Thriller",3
"523",105,"Bridges of Madison County, The (1995)","Drama|Romance",3.31609195402299
"524",79663,"Triage (2009)","Drama|War",4
"525",338,"Virtuosity (1995)","Action|Sci-Fi|Thriller",3.01190476190476
"526",4889,"Heist (2001)","Crime|Drama",3.16666666666667
"527",148875,"Ingredients (2009)","Documentary",5
"528",114692,"Overnighters, The (2014)","Documentary|Drama",3.5
"529",842,"Tales from the Crypt Presents: Bordello of Blood (1996)","Comedy|Horror",2.4
"530",3038,"Face in the Crowd, A (1957)","Drama",4.4
"531",3079,"Mansfield Park (1999)","Comedy|Drama|Romance",3.84375
"532",7060,"Jesus Christ Superstar (1973)","Drama|Musical",2.9
"533",750,"Dr. Strangelove or: How I Learned to Stop Worrying and Love the Bomb (1964)","Comedy|War",4.22264150943396
"534",8687,"Orgy of the Dead (1965)","Horror",0.5
"535",71823,"New York, I Love You (2009)","Drama|Romance",4
"536",173933,"The Son of Bigfoot (2017)","Animation|Children",4
"537",80374,"Symbol (Shinboru) (2009)","Comedy|Fantasy",4.5
"538",26001,"It's Always Fair Weather (1955)","Comedy|Drama|Musical",3.5
"539",26122,"Onibaba (1964)","Drama|Horror|War",4
"540",67009,"Frontrunners (2008)","Documentary",4
"541",1366,"Crucible, The (1996)","Drama",3.25
"542",90620,"Mulan (2009)","Action|Adventure|Drama|Romance",3
"543",33564,"Divorce - Italian Style (Divorzio all'italiana) (1961)","Comedy",4.5
"544",25855,"Roaring Twenties, The (1939)","Crime|Drama|Thriller",4.25
"545",8597,"Riders (2002)","Action|Crime|Thriller",1
"546",129773,"Soulless (2012)","Comedy|Drama",3
"547",6526,"Rhapsody in August (Hachi-gatsu no kyôshikyoku) (1991)","Drama",3.5
"548",3299,"Hanging Up (2000)","Comedy|Drama",2.16666666666667
"549",7943,"Killers, The (1946)","Crime|Film-Noir",3.77777777777778
"550",201318,"Deer Woman (2005)","Comedy|Horror",3
"551",53894,"Sicko (2007)","Documentary|Drama",3.5
"552",69757,"(500) Days of Summer (2009)","Comedy|Drama|Romance",3.916
"553",1884,"Fear and Loathing in Las Vegas (1998)","Adventure|Comedy|Drama",3.78225806451613
"554",74355,"Serious Moonlight (2009)","Comedy|Crime|Drama|Romance",2.5
"555",1470,"Rhyme & Reason (1997)","Documentary",5
"556",61071,"Sisterhood of the Traveling Pants 2, The (2008)","Adventure|Comedy|Drama|Romance",2.41666666666667
"557",5054,"Brainstorm (1983)","Sci-Fi|Thriller",3.5
"558",3272,"Bad Lieutenant (1992)","Crime|Drama",4
"559",5415,"Divine Secrets of the Ya-Ya Sisterhood (2002)","Comedy|Drama",3.26666666666667
"560",73587,"Soul Kitchen (2009)","Comedy",3.75
"561",95856,"Knick Knack (1989)","Animation|Children",4.5
"562",5832,"Left Behind II: Tribulation Force (2002)","Drama",0.5
"563",43376,"Sophie Scholl: The Final Days (Sophie Scholl - Die letzten Tage) (2005)","Drama|War",4.25
"564",157419,"The Dentist (1932)","Comedy",2.5
"565",100083,"Movie 43 (2013)","Comedy",2.8125
"566",71745,"Where the Wild Things Are (2009)","Adventure|Children|Drama|Fantasy|IMAX",3.21153846153846
"567",54196,"Brand Upon the Brain! (2006)","Adventure|Fantasy|Mystery",4.5
"568",868,"Death in Brunswick (1991)","Comedy",3
"569",497,"Much Ado About Nothing (1993)","Comedy|Romance",3.85981308411215
"570",50514,"After the Wedding (Efter brylluppet) (2006)","Drama",4.16666666666667
"571",192713,"Compulsion (2018)","Fantasy|Horror|Thriller",2
"572",1678,"Joy Luck Club, The (1993)","Drama|Romance",3.65853658536585
"573",82749,"Pigs and Battleships (Hogs and Warships) (The Flesh Is Hot) (Buta to gunkan) (1961)","Comedy|Crime|Drama",3.5
"574",1504,"Hollow Reed (1996)","Drama",4
"575",3678,"Man with the Golden Arm, The (1955)","Drama",4.1
"576",4536,"Rocket Gibraltar (1988)","Drama",2
"577",6243,"Ringu 2 (Ring 2) (1999)","Horror|Mystery",2.66666666666667
"578",1833,"Mercury Rising (1998)","Action|Drama|Thriller",3.42105263157895
"579",146212,"Bare (2015)","Drama",3
"580",189033,"Daphne & Velma (2018)","Action|Comedy|Crime|Horror",1.5
"581",104879,"Prisoners (2013)","Drama|Mystery|Thriller",4
"582",2913,"The Mating Habits of the Earthbound Human (1999)","Comedy|Sci-Fi",3.75
"583",42013,"Ringer, The (2005)","Comedy",2.5
"584",125557,"Devils Hand, The (La main du diable) (1943)","Fantasy|Horror",3.5
"585",181877,"Winter Storage (1949)","Animation",3
"586",3328,"Ghost Dog: The Way of the Samurai (1999)","Crime|Drama",3.9
"587",134170,"Kung Fury (2015)","Action|Comedy|Fantasy|Sci-Fi",3.13636363636364
"588",66934,"Dr. Horrible's Sing-Along Blog (2008)","Comedy|Drama|Musical|Sci-Fi",3.94594594594595
"589",149104,"Sunshine Follows Rain (1946)","Drama|Romance",3.5
"590",60948,"Bottle Shock (2008)","Drama",3
"591",1791,"Twilight (1998)","Crime|Drama|Thriller",3.33333333333333
"592",105032,"Farah Goes Bang (2013)","Comedy",4
"593",113604,"If I Stay (2014)","Drama",3.91666666666667
"594",541,"Blade Runner (1982)","Action|Sci-Fi|Thriller",4.1631299734748
"595",52717,"Condemned, The (2007)","Action|Adventure|Crime|Thriller",2.75
"596",40732,"Descent, The (2005)","Adventure|Drama|Horror|Thriller",3.36904761904762
"597",7924,"Stray Dog (Nora inu) (1949)","Drama|Film-Noir|Thriller",3.72222222222222
"598",2513,"Pet Sematary (1989)","Horror",2.78571428571429
"599",72733,"Invictus (2009)","Drama",3.35416666666667
"600",6400,"Murder on a Sunday Morning (Un coupable idéal) (2001)","Documentary",4
"601",7034,"Show Me Love (Fucking Åmål) (1998)","Drama|Romance",3.86842105263158
"602",73741,"Ninja (2009)","Action|Crime|Drama|Thriller",2
"603",4064,"Coffy (1973)","Action|Crime|Thriller",3
"604",412,"Age of Innocence, The (1993)","Drama",3.575
"605",5422,"Emperor's New Clothes, The (2001)","Comedy",2.5
"606",59846,"Iron Mask, The (1929)","Adventure|Drama|Romance",2.25
"607",63826,"Splinter (2008)","Action|Horror|Thriller",3
"608",137108,"Seal Team Six: The Raid on Osama Bin Laden (2012)","Action|Crime|Drama|Thriller",2.5
"609",33124,"Before the Fall (NaPolA - Elite für den Führer) (2004)","Drama|War",3.75
"610",62245,"Music Room, The (Jalsaghar) (1958)","Drama",4.25
"611",5962,"Body of Evidence (1993)","Drama|Thriller",2.25
"612",7259,"You Got Served (2004)","Drama|Musical",2.33333333333333
"613",114028,"Pride (2014)","Comedy|Drama",4.16666666666667
"614",7148,"Love Don't Cost a Thing (2003)","Drama|Romance",4.5
"615",2677,"Buena Vista Social Club (1999)","Documentary|Musical",3.71153846153846
"616",171881,"Mindhorn (2017)","Comedy",3.5
"617",51847,"Right at Your Door (2006)","Drama|Thriller",3.25
"618",117851,"Penguins of Madagascar (2014)","Adventure|Animation|Children|Comedy",3.36363636363636
"619",4515,"Imagine: John Lennon (1988)","Documentary",4
"620",3754,"Adventures of Rocky and Bullwinkle, The (2000)","Adventure|Animation|Children|Comedy|Fantasy",1.84375
"621",4223,"Enemy at the Gates (2001)","Drama|War",3.70098039215686
"622",185585,"Pacific Rim: Uprising (2018)","Action|Fantasy|Sci-Fi",2.66666666666667
"623",161958,"Joshy (2016)","Comedy",3
"624",3224,"Woman in the Dunes (Suna no onna) (1964)","Drama",4
"625",185033,"I Kill Giants (2018)","Drama|Fantasy|Thriller",2.5
"626",7299,"Monsieur Ibrahim (Monsieur Ibrahim et les fleurs du Coran) (2003)","Drama",3.75
"627",102535,"Sissi: The Young Empress (Sissi - Die Junge Kaiserin) (1956)","Drama",3.5
"628",81791,"Somewhere (2010)","Drama",3.33333333333333
"629",3658,"Quatermass and the Pit (1967)","Horror|Sci-Fi",3
"630",85179,"Summer Wars (Samâ wôzu) (2009)","Adventure|Animation|Comedy|Sci-Fi",4
"631",837,"Matilda (1996)","Children|Comedy|Fantasy",3.24603174603175
"632",27232,"Beautiful Joe (2000)","Comedy|Drama|Romance",0.5
"633",3269,"Forever Young (1992)","Drama|Romance|Sci-Fi",3.046875
"634",69945,"Fast and the Furious, The (1955)","Crime|Mystery",3.5
"635",6044,"Blind Date (1984)","Horror|Thriller",2.75
"636",45942,"Mother and the Whore, The (Maman et la putain, La) (1973)","Drama",0.5
"637",54281,"Charlie Bartlett (2007)","Comedy|Drama",3.55555555555556
"638",5951,"Morvern Callar (2002)","Drama",3.58333333333333
"639",26365,"Futureworld (1976)","Sci-Fi|Thriller",2.75
"640",100485,"Unfinished Song (Song for Marion) (2012)","Comedy|Drama|Romance",5
"641",67957,"Superstar: The Karen Carpenter Story (1988)","Drama|Musical",3.5
"642",148140,"OK Connery (1967)","Action|Thriller",1.5
"643",365,"Little Buddha (1993)","Drama",2.96875
"644",2605,"Entrapment (1999)","Crime|Thriller",2.86428571428571
"645",1627,"U Turn (1997)","Crime|Drama|Mystery",3.16071428571429
"646",33188,"Mischief (1985)","Comedy|Romance",3.5
"647",7728,"Postman Always Rings Twice, The (1946)","Crime|Drama|Film-Noir|Thriller",4.11111111111111
"648",4693,"Idiot Box (1996)","Crime|Drama",3.75
"649",27843,"Machuca (2004)","Drama",4
"650",95720,"Watch, The (2012)","Comedy|Sci-Fi",2.07142857142857
"651",4219,"Girls Just Want to Have Fun (1985)","Comedy",3.375
"652",43708,"Block Party (a.k.a. Dave Chappelle's Block Party) (2005)","Comedy|Documentary",4
"653",193387,"Days (1963)","Drama",3.5
"654",77893,"Merantau (2009)","Action|Drama",3
"655",51086,"Number 23, The (2007)","Drama|Mystery|Thriller",3.15909090909091
"656",2479,"Gloria (1999)","Drama|Thriller",3.5
"657",647,"Courage Under Fire (1996)","Action|Crime|Drama|War",3.58783783783784
"658",6306,"I Am Trying to Break Your Heart (2002)","Documentary",3.625
"659",6419,"Mr. & Mrs. Bridge (1990)","Drama",3.83333333333333
"660",42,"Dead Presidents (1995)","Action|Crime|Drama",2.72916666666667
"661",171745,"Scrat's Continental Crack-Up: Part 2 (2011)","Adventure|Animation|Comedy",4
"662",96411,"6 Days to Air: The Making of South Park (2011)","Documentary",4
"663",103384,"Lone Ranger, The (2013)","Action|Adventure|Western|IMAX",3.11764705882353
"664",4936,"Fame (1980)","Drama|Musical",3.10714285714286
"665",179249,"Marlina the Murderer in Four Acts (2017)","Drama|Thriller",4
"666",174407,"An Inconvenient Sequel (2017)","Documentary",4.5
"667",36,"Dead Man Walking (1995)","Crime|Drama",3.90934065934066
"668",7893,"Return of the Street Fighter (Satsujin ken 2) (1974)","Action|Crime|Drama",3
"669",132286,"About a Girl (2014)","Comedy",3.5
"670",5530,"Simone (S1m0ne) (2002)","Comedy|Drama|Fantasy|Sci-Fi",2.96875
"671",66506,"Ping Pong Playa (2007)","Comedy",3
"672",1841,"Gingerbread Man, The (1998)","Drama|Thriller",2.5
"673",129490,"Twins of Evil (1971)","Horror",3.5
"674",111919,"Cry Terror! (1958)","Crime|Film-Noir|Thriller",2.5
"675",32352,"Thief and the Cobbler, The (a.k.a. Arabian Knight) (1995)","Adventure|Animation|Comedy|Fantasy",5
"676",42004,"Transamerica (2005)","Adventure|Comedy|Drama",3.83333333333333
"677",36509,"Cave, The (2005)","Action|Adventure|Horror|Mystery|Sci-Fi|Thriller",3.16666666666667
"678",70282,"Aliens in the Attic (2009)","Adventure|Children|Fantasy|Sci-Fi",1.625
"679",3770,"Dreamscape (1984)","Horror|Sci-Fi|Thriller",3.38461538461538
"680",130448,"Poltergeist (2015)","Horror|Thriller",1.75
"681",27706,"Lemony Snicket's A Series of Unfortunate Events (2004)","Adventure|Children|Comedy|Fantasy",3.11864406779661
"682",34326,"Last Days (2005)","Drama",1.5
"683",7650,"Witchfinder General (Conquerer Worm, The) (1968)","Horror",3.25
"684",57368,"Cloverfield (2008)","Action|Mystery|Sci-Fi|Thriller",3.39344262295082
"685",2173,"Navigator: A Mediaeval Odyssey, The (1988)","Adventure|Fantasy|Sci-Fi",3.6
"686",65078,"Jane Austen in Manhattan (1980)","Drama|Romance",4.5
"687",8838,"Alice Doesn't Live Here Anymore (1974)","Drama|Romance",3.375
"688",3927,"Fantastic Voyage (1966)","Adventure|Sci-Fi",3.25
"689",131712,"Ages of Love (2011)","Comedy|Romance",3.5
"690",176149,"Savages (2006)","Comedy|Drama",4
"691",26974,"Gummo (1997)","Drama",4.33333333333333
"692",1249,"Femme Nikita, La (Nikita) (1990)","Action|Crime|Romance|Thriller",3.69178082191781
"693",68319,"X-Men Origins: Wolverine (2009)","Action|Sci-Fi|Thriller",2.96794871794872
"694",140469,"The Harlem Globetrotters on Gilligan's Island (1981)","Adventure|Comedy",2.5
"695",160714,"Halloween Night (1988)","Horror",3
"696",4016,"Emperor's New Groove, The (2000)","Adventure|Animation|Children|Comedy|Fantasy",3.32857142857143
"697",1912,"Out of Sight (1998)","Comedy|Crime|Drama|Romance|Thriller",3.74285714285714
"698",6506,"Fulltime Killer (Chuen jik sat sau) (2001)","Action|Thriller",3.5
"699",5908,"Scarlet Diva (2000)","Drama",4
"700",49530,"Blood Diamond (2006)","Action|Adventure|Crime|Drama|Thriller|War",3.76771653543307
"701",5763,"Lola (1981)","Drama",4
"702",7884,"Highway 61 (1991)","Comedy",2.5
"703",1300,"My Life as a Dog (Mitt liv som hund) (1985)","Comedy|Drama",3.95
"704",162080,"Johan Falk: Kodnamn Lisa (2013)","Action|Crime|Thriller",4
"705",3735,"Serpico (1973)","Crime|Drama",4.03260869565217
"706",3713,"Long Walk Home, The (1990)","Drama",3
"707",70682,"Detroit Metal City (Detoroito Metaru Shiti) (2008)","Comedy|Drama|Musical",3
"708",8535,"De-Lovely (2004)","Drama|Musical",3
"709",119760,"Love Without Pity (1989)","Comedy|Romance",2
"710",26704,"State of Grace (1990)","Crime|Drama|Thriller",3.16666666666667
"711",128358,"Uuno in Spain (1985)","Comedy",3.5
"712",47356,"Fortress (1985)","Action|Thriller",4.5
"713",8662,"Joan of Arc (1948)","Action|Drama|War",2.5
"714",1461,"Vegas Vacation (National Lampoon's Las Vegas Vacation) (1997)","Comedy",2.97058823529412
"715",4473,"Bat*21 (1988)","Drama|War",3.7
"716",6988,"Broken Blossoms or The Yellow Man and the Girl (1919)","Drama|Romance",3.83333333333333
"717",6153,"Zapped! (1982)","Comedy|Sci-Fi",2.2
"718",1946,"Marty (1955)","Drama|Romance",3.46428571428571
"719",3009,"Portraits Chinois (1996)","Drama",1
"720",3502,"My Life (1993)","Drama",3.4
"721",50158,"Stomp the Yard (2007)","Drama|Musical",2.1
"722",8025,"The Thief (1997)","Drama",3.83333333333333
"723",165937,"Collateral Beauty (2016)","Drama",3.625
"724",851,"Basquiat (1996)","Drama",3.22222222222222
"725",160533,"Adult Life Skills (2016)","Comedy|Drama",2.5
"726",2611,"Winslow Boy, The (1999)","Drama",3.625
"727",4671,"Sweetie (1989)","Drama",4.5
"728",1209,"Once Upon a Time in the West (C'era una volta il West) (1968)","Action|Drama|Western",3.975
"729",1113,"Associate, The (1996)","Comedy",3.42857142857143
"730",65225,"Zeitgeist: Addendum (2008)","Documentary",4.16666666666667
"731",81688,"Habit (1995)","Drama|Horror|Romance",4.5
"732",155743,"My Big Fat Greek Wedding 2 (2016)","Comedy",3
"733",3361,"Bull Durham (1988)","Comedy|Drama|Romance",3.50757575757576
"734",32632,"Electra Glide in Blue (1973)","Action|Crime",3
"735",4837,"Cruising (1980)","Crime|Drama|Thriller",4.25
"736",57353,"Flawless (2007)","Crime|Drama",3.375
"737",26703,"Riff-Raff (1991)","Comedy|Drama",3
"738",142492,"Son of Saul (2015)","Drama",4.33333333333333
"739",110102,"Captain America: The Winter Soldier (2014)","Action|Adventure|Sci-Fi|IMAX",3.62352941176471
"740",177307,"Menorca (2016)","Drama",2
"741",83962,"Daydreams (1922)","Comedy",3.5
"742",183721,"My Dad Is 100 Years Old (2005)","Documentary",5
"743",98087,"Cockneys vs Zombies (2012)","Comedy|Horror",3
"744",189721,"What Girls are Silent About (2013)","Comedy",1
"745",317,"Santa Clause, The (1994)","Comedy|Drama|Fantasy",3.15034965034965
"746",60126,"Get Smart (2008)","Action|Comedy",3.36666666666667
"747",97234,"Inside: 'Dr. Strangelove or How I Learned to Stop Worrying and Love the Bomb' (2000)","Documentary",4
"748",155820,"Keanu (2016)","Comedy",3.125
"749",48741,"U.S. vs. John Lennon, The (2006)","Documentary",3.83333333333333
"750",90201,"Grand Dukes, The (Les grands ducs) (1996)","Comedy",3
"751",53993,"Evan Almighty (2007)","Comedy|Fantasy",2.85714285714286
"752",897,"For Whom the Bell Tolls (1943)","Adventure|Drama|Romance|War",3.375
"753",135601,"Rockstar (2011)","Drama|Romance",3
"754",781,"Stealing Beauty (1996)","Drama",3.30555555555556
"755",5527,"Possession (2002)","Drama|Romance",3.5
"756",172793,"Vovka in the Kingdom of Far Far Away (1965)","Adventure|Animation|Children|Fantasy",5
"757",90528,"This Must Be the Place (2011)","Crime|Drama|Thriller",3.75
"758",71668,"Couples Retreat (2009)","Comedy|Romance",2.58333333333333
"759",5442,"V. I. Warshawski (1991)","Action|Comedy|Crime",2.33333333333333
"760",43932,"Pulse (2006)","Action|Drama|Fantasy|Horror|Mystery|Sci-Fi|Thriller",2
"761",33085,"Amityville Horror, The (2005)","Horror|Thriller",3.11111111111111
"762",26565,"Asterix in Britain (Astérix chez les Bretons) (1986)","Adventure|Animation|Children|Comedy",3.83333333333333
"763",119139,"Ascension (2014)","Drama|Sci-Fi",3.5
"764",26481,"First Name: Carmen (Prénom Carmen) (1983)","Crime|Drama|Romance",3
"765",104339,"In a World... (2013)","Comedy",3.5
"766",256,"Junior (1994)","Comedy|Sci-Fi",2.60679611650485
"767",60333,"Encounters at the End of the World (2008)","Documentary",4.14285714285714
"768",8154,"Dolce Vita, La (1960)","Drama",4
"769",55363,"Assassination of Jesse James by the Coward Robert Ford, The (2007)","Crime|Drama|Western",3.91071428571429
"770",86642,"Cold Weather (2010)","Drama",3.33333333333333
"771",6898,"Sweet Sixteen (2002)","Drama",4.5
"772",141926,"He Named Me Malala (2015)","Documentary",3
"773",1417,"Portrait of a Lady, The (1996)","Drama",3.1
"774",3093,"McCabe & Mrs. Miller (1971)","Drama|Western",3.66666666666667
"775",198169,"KickOff (2011)","Comedy",3.5
"776",196319,"The Invisibles (2017)","Documentary|Drama",4
"777",99087,"Playing for Keeps (2012)","Comedy|Romance",2
"778",183641,"Bombshell: The Hedy Lamarr Story (2017)","Documentary",4
"779",1787,"Paralyzing Fear: The Story of Polio in America, A (1998)","Documentary",0.75
"780",46723,"Babel (2006)","Drama|Thriller",3.66129032258065
"781",122882,"Mad Max: Fury Road (2015)","Action|Adventure|Sci-Fi|Thriller",3.93253968253968
"782",2784,"Masque of the Red Death, The (1964)","Horror",3.66666666666667
"783",5836,"Houseboat (1958)","Comedy|Romance",3.625
"784",88816,"My Son John (1952)","Drama",3.5
"785",6120,"Q: The Winged Serpent (1982)","Drama|Fantasy|Horror|Sci-Fi|Thriller",3
"786",85783,"Kapitalism: Our Improved Formula (Kapitalism - Reteta noastra secreta) (2010)","Documentary",4
"787",195733,"Trevor Noah: Son of Patricia (2018)","Comedy",4.16666666666667
"788",31123,"Ruby & Quentin (Tais-toi!) (2003)","Comedy|Crime",4.16666666666667
"789",182715,"Annihilation (2018)","Adventure|Mystery|Sci-Fi|Thriller",3.68421052631579
"790",138620,"Christian Finnegan: The Fun Part (2014)","Comedy",4
"791",7038,"Things You Can Tell Just by Looking at Her (2000)","Drama|Romance",2.75
"792",102953,"Nice Guy Johnny (2010)","Comedy|Romance",3.5
"793",3629,"Gold Rush, The (1925)","Adventure|Comedy|Romance",4.18965517241379
"794",152081,"Zootopia (2016)","Action|Adventure|Animation|Children|Comedy",4.09615384615385
"795",2177,"Family Plot (1976)","Comedy|Thriller",3.5
"796",2430,"Mighty Joe Young (1949)","Adventure|Children|Drama",2.42857142857143
"797",615,"Bread and Chocolate (Pane e cioccolata) (1973)","Comedy|Drama",3.28571428571429
"798",43853,"Business, The (2005)","Action|Comedy|Crime|Drama|Thriller",5
"799",967,"Outlaw, The (1943)","Western",4
"800",197199,"Isn't It Romantic (2019)","Comedy|Fantasy|Romance",3
"801",33499,"Monster-in-Law (2005)","Comedy|Romance",3.35714285714286
"802",172881,"Final Flight of the Osiris (2003)","Action|Animation|Sci-Fi",3.5
"803",25842,"Topper (1937)","Comedy|Fantasy|Romance",2
"804",82527,"Barney's Version (2010)","Drama",3.5
"805",56587,"Bucket List, The (2007)","Comedy|Drama",3.55681818181818
"806",2421,"Karate Kid, Part II, The (1986)","Action|Adventure|Drama",2.66666666666667
"807",180031,"The Shape of Water (2017)","Adventure|Drama|Fantasy",3.62
"808",108949,"Art of the Steal, The (2013)","Crime",3
"809",356,"Forrest Gump (1994)","Comedy|Drama|Romance|War",4.06435643564356
"810",115667,"Love, Rosie (2014)","Comedy|Romance",3.6
"811",27816,"Saints and Soldiers (2003)","Action|Adventure|Drama|War",4
"812",192497,"Swimming with Men (2018)","Comedy",5
"813",7199,"Melvin Goes to Dinner (2003)","Comedy|Drama",4.16666666666667
"814",96428,"From the Life of the Marionettes (Aus dem Leben der Marionetten) (1980) ","Drama",3.5
"815",83134,"Tucker & Dale vs Evil (2010)","Comedy|Horror",3.82352941176471
"816",65601,"My Bloody Valentine 3-D (2009)","Horror|Thriller",2.2
"817",194696,"Andhadhun (2018)","Mystery|Romance|Thriller",4
"818",177771,"Suburbicon (2017)","Comedy|Crime|Mystery",2
"819",8823,"Sting II, The (1983)","Comedy|Crime",3.5
"820",168064,"Sword Master (2016)","Action",3.5
"821",110975,"Donovan's Echo (2011)","Drama|Sci-Fi|Thriller",3.5
"822",3980,"Men of Honor (2000)","Drama",3.82432432432432
"823",5730,"Enter the Ninja (a.k.a. Ninja I) (1981)","Action|Drama",2.83333333333333
"824",3813,"Interiors (1978)","Drama",2.83333333333333
"825",3002,"My Best Fiend (Mein liebster Feind) (1999)","Documentary",4.5
"826",166544,"A Kind of Murder (2016)","Thriller",3.5
"827",53318,"Cashback (2006)","Comedy|Drama|Romance",4.14285714285714
"828",7352,"Wilbur Wants to Kill Himself (2002)","Comedy|Drama|Romance",3.66666666666667
"829",45506,"Twelve and Holding (2005)","Drama",1.5
"830",3241,"Cup, The (Phörpa) (1999)","Comedy",4
"831",5374,"Devil Doll (1964)","Horror",0.5
"832",1593,"Picture Perfect (1997)","Comedy|Romance",2.84615384615385
"833",127021,"Rewind This! (2013)","Documentary",4
"834",52591,"Contract, The (2006)","Crime|Drama|Thriller",2.5
"835",172297,"Reel Love (2011)","Comedy|Drama|Romance",3.5
"836",881,"First Kid (1996)","Children|Comedy",3
"837",26346,"Story of Adele H., The (Histoire d'Adèle H., L') (1975)","Drama",1.75
"838",61567,"Kummeli Alivuokralainen (2008)","Comedy",3.5
"839",139855,"Anomalisa (2015)","Animation|Comedy|Fantasy",3.11538461538462
"840",724,"Craft, The (1996)","Drama|Fantasy|Horror|Thriller",2.97777777777778
"841",6860,"Mobsters (1991)","Crime|Drama",3
"842",97057,"Kon-Tiki (2012)","Adventure|Documentary|Drama",3.66666666666667
"843",938,"Gigi (1958)","Musical",3.125
"844",3668,"Romeo and Juliet (1968)","Drama|Romance",3.32857142857143
"845",2320,"Apt Pupil (1998)","Drama|Thriller",3.21428571428571
"846",98275,"Octopus, The (Le poulpe) (1998)","Comedy|Crime|Thriller",4.5
"847",5647,"Ernest Goes to Africa (1997)","Comedy",1
"848",5468,"20 Million Miles to Earth (1957)","Sci-Fi",4
"849",4053,"Double Take (2001)","Action|Comedy",3
"850",8884,"Man with One Red Shoe, The (1985)","Comedy|Thriller",3.25
"851",3814,"Love and Death (1975)","Comedy",3.89285714285714
"852",72741,"Everybody's Fine (2009)","Drama",3.2
"853",127455,"Down to Earth (1994)","Drama",3
"854",164411,"My Life as a Courgette (2016)","Animation|Children|Drama",4.5
"855",99145,"Impossible, The (Imposible, Lo) (2012)","Drama|Thriller",3.4375
"856",61937,"Sawdust and Tinsel (Gycklarnas afton) (1953)","Drama",4.5
"857",1918,"Lethal Weapon 4 (1998)","Action|Comedy|Crime|Thriller",3.01149425287356
"858",163112,"Winnie the Pooh Goes Visiting (1971)","Animation",3
"859",32019,"Be Cool (2005)","Comedy|Crime|Musical",2.7
"860",2017,"Babes in Toyland (1961)","Children|Fantasy|Musical",3.07142857142857
"861",186499,"Come As You Are (2011)","Comedy|Drama",4
"862",51575,"Wild Hogs (2007)","Adventure|Comedy",2.26923076923077
"863",65130,"Revolutionary Road (2008)","Drama|Romance",3.625
"864",61279,"Variety Lights (1950)","Drama",4
"865",46664,"Fallen Idol, The (1948)","Drama|Mystery|Thriller",3.5
"866",2255,"Young Doctors in Love (1982)","Comedy",2.64285714285714
"867",27846,"Corporation, The (2003)","Documentary",3.46153846153846
"868",150334,"Rowdy Rathore (2012)","Action",3
"869",8138,"Attack of the Giant Leeches (1959)","Horror|Sci-Fi",1.25
"870",187723,"Set It Up (2018)","Comedy|Romance",5
"871",48584,"Ellie Parker (2005)","Comedy|Drama",3.5
"872",159819,"Life (2009)","Documentary",4.66666666666667
"873",2296,"Night at the Roxbury, A (1998)","Comedy",2.4375
"874",7789,"11'09""01 - September 11 (2002)","Drama",2
"875",3869,"Naked Gun 2 1/2: The Smell of Fear, The (1991)","Comedy",3.33333333333333
"876",204878,"Dolemite Is My Name (2019)","Comedy|Drama",4
"877",176355,"The Mountain Between Us (2017)","Action|Adventure|Drama",3
"878",1771,"Night Flier (1997)","Horror",3.21428571428571
"879",7385,"Twentynine Palms (2003)","Drama|Horror",3
"880",49132,"Shut Up & Sing (2006)","Documentary",4.2
"881",48043,"Fountain, The (2006)","Drama|Fantasy|Romance",3.76315789473684
"882",7280,"Blacula (1972)","Horror",1.25
"883",58047,"Definitely, Maybe (2008)","Comedy|Drama|Romance",3.5952380952381
"884",81385,"Of Gods and Men (Des hommes et des dieux) (2010)","Drama",3.5
"885",4524,"Moon Over Parador (1988)","Comedy",1.75
"886",2164,"Surf Nazis Must Die (1987)","Action|Comedy|Drama|Horror",2.25
"887",26435,"Starting Over (1979)","Comedy|Romance",4
"888",160718,"Piper (2016)","Animation",4.3125
"889",70994,"Halloween II (2009)","Horror|Thriller",3.5
"890",63033,"Blindness (2008)","Drama|Mystery|Romance|Thriller",3.28571428571429
"891",3115,"Flawless (1999)","Drama",3.3
"892",162600,"Miss Peregrine's Home for Peculiar Children (2016)","Fantasy",3.17647058823529
"893",7669,"Pride and Prejudice (1995)","Drama|Romance",4
"894",133798,"Hot Pursuit (2015)","Action|Comedy",2.625
"895",6267,"Assassination Tango (2002)","Drama|Thriller",4
"896",86835,"Priest (2011)","Action|Horror|Sci-Fi|Thriller",3.25
"897",6427,"Railway Children, The (1970)","Children|Drama",4
"898",1179,"Grifters, The (1990)","Crime|Drama|Film-Noir",3.58928571428571
"899",122884,"Insidious: Chapter 3 (2015)","Fantasy|Horror|Thriller",3.25
"900",204030,"Share (2019)","Drama|Thriller",1
"901",849,"Escape from L.A. (1996)","Action|Adventure|Sci-Fi|Thriller",2.69565217391304
"902",120799,"Terminator Genisys (2015)","Action|Adventure|Sci-Fi|Thriller",3.28947368421053
"903",6041,"Amen. (2002)","Drama",4
"904",25812,"Scarlet Pimpernel, The (1934)","Adventure|Comedy",3
"905",172117,"The Comedian (2016)","Comedy",3
"906",124300,"White: The Melody of the Curse (2011)","Horror",3
"907",6349,"Breakin' (1984)","Drama|Musical",3.25
"908",27376,"Tunnel, The (Tunnel, Der) (2001)","Action|Drama|Thriller",3.83333333333333
"909",131484,"House of Bones (2010)","Horror",0.5
"910",104119,"Forsyte Saga, The (1967)","Drama",5
"911",43558,"Big Momma's House 2 (2006)","Action|Comedy|Crime",1.55
"912",223,"Clerks (1994)","Comedy",3.88732394366197
"913",424,"Blue Chips (1994)","Drama",2.6
"914",748,"Arrival, The (1996)","Action|Sci-Fi|Thriller",3.07407407407407
"915",86884,"Kid With a Bike, The (Le gamin au vélo) (2011)","Drama",3.75
"916",47956,"Jesse James (1939)","Action|Crime|Drama|Romance|Western",4
"917",98296,"Deadfall (2012)","Crime|Drama|Thriller",2
"918",4124,"Jaws: The Revenge (1987)","Horror|Thriller",2.05263157894737
"919",103645,"Terror Within, The (1989)","Horror|Sci-Fi",2
"920",52245,"Blades of Glory (2007)","Comedy|Romance",2.546875
"921",96075,"Bleak House (2005)","Drama",4
"922",2042,"D2: The Mighty Ducks (1994)","Children|Comedy",2.63888888888889
"923",310,"Rent-a-Kid (1995)","Comedy",3.5
"924",1822,"Meet the Deedles (1998)","Children|Comedy",3
"925",145144,"Night At The Golden Eagle (2002)","Action|Adventure|Crime|Drama",2
"926",7451,"Mean Girls (2004)","Comedy",3.5
"927",5980,"Black Christmas (1974)","Horror|Mystery|Thriller",3.66666666666667
"928",8626,"Dr. Terror's House of Horrors (1965)","Horror|Sci-Fi",5
"929",131050,"Stargate SG-1 Children of the Gods - Final Cut (2009)","Adventure|Sci-Fi|Thriller",2.75
"930",7248,"Suriyothai (a.k.a. Legend of Suriyothai, The) (2001)","Action|Adventure|Drama|War",0.5
"931",90478,"Year of the Carnivore (2010)","Comedy|Romance",3
"932",72479,"Messenger, The (2009)","Drama|Romance|War",3.66666666666667
"933",72169,"Good Hair (2009)","Comedy|Documentary",4
"934",80281,"Bill Bailey: Tinselworm (2008)","Comedy|Documentary",4
"935",50703,"Secret, The (2006)","Documentary",4.5
"936",4733,"Curse of the Jade Scorpion, The (2001)","Comedy",3.05555555555556
"937",89650,"Ironclad (2011)","Action|Adventure",3.5
"938",92836,"Knuckle (2011) ","Documentary",4.5
"939",3243,"Encino Man (1992)","Comedy",2.82
"940",3525,"Bachelor Party (1984)","Comedy",2.91666666666667
"941",7785,"Time for Drunken Horses, A (Zamani barayé masti asbha) (2000)","Drama",2.25
"942",104903,"Good Vibrations (2012)","Drama|Musical",3.5
"943",7847,"Peanut Butter Solution, The (1985)","Children|Fantasy",4
"944",1454,"SubUrbia (1997)","Comedy|Drama",2.71428571428571
"945",4482,"Bright Lights, Big City (1988)","Drama",3.3
"946",7698,"China Syndrome, The (1979)","Drama|Thriller",3.86363636363636
"947",53450,"Legend of Sleepy Hollow, The (1980)","Comedy|Fantasy|Horror",4
"948",1827,"Big One, The (1997)","Comedy|Documentary",3.95454545454545
"949",185439,"The Rachel Divide (2018)","Documentary",4.5
"950",3797,"In Crowd, The (2000)","Thriller",2.25
"951",129779,"Ghost in the Shell Arise - Border 1: Ghost Pain (2013)","Action|Animation|Sci-Fi",3
"952",43022,"Hellraiser: Hellseeker (2002)","Horror",2.75
"953",45672,"Click (2006)","Adventure|Comedy|Drama|Fantasy|Romance",2.70909090909091
"954",61011,"Walker, The (2007)","Drama|Mystery",2
"955",3240,"Big Tease, The (1999)","Comedy",3
"956",7243,"Intolerance: Love's Struggle Throughout the Ages (1916)","Drama",3.75
"957",1554,"Pillow Book, The (1996)","Drama|Romance",3.25
"958",140188,"To Kill a Man (2014)","Drama",3.5
"959",133822,"The Midnight Hour (1985)","Comedy|Horror|Romance",2.5
"960",147194,"Wedding in Malinovka (1967)","Adventure|Comedy|Romance",3.5
"961",79987,"Gainsbourg (Vie Héroïque) (2010)","Drama|Musical|Romance",3.5
"962",2181,"Marnie (1964)","Drama|Mystery|Romance|Thriller",3.16666666666667
"963",111921,"The Fault in Our Stars (2014)","Drama|Romance",3.16216216216216
"964",3113,"End of Days (1999)","Action|Fantasy|Horror|Mystery|Thriller",2.25510204081633
"965",4460,"Encounter in the Third Dimension (1999)","IMAX",4
"966",5929,"Party 2, The (Boum 2, La) (1982)","Comedy|Romance",3.75
"967",1699,"Butcher Boy, The (1997)","Comedy|Drama",3.22727272727273
"968",97785,"Silent Hill: Revelation 3D (2012)","Horror|Mystery|Thriller",1
"969",4278,"Triumph of the Will (Triumph des Willens) (1934)","Documentary",4.16666666666667
"970",31952,"Control (Kontroll) (2003)","Comedy|Crime|Drama|Mystery",3.78571428571429
"971",96337,"Our Children (À perdre la raison) (2012)","Drama",3
"972",1399,"Marvin's Room (1996)","Drama",3.71428571428571
"973",6502,"28 Days Later (2002)","Action|Horror|Sci-Fi",3.84756097560976
"974",53578,"Valet, The (La doublure) (2006)","Comedy",4
"975",102826,"Parade, The (Parada) (2011)","Comedy|Drama",0.5
"976",193942,"Instant Family (2018)","Comedy",3.5
"977",131739,"Batman vs. Robin (2015)","Action|Adventure|Animation",4.25
"978",57942,"Big Bang Love, Juvenile A (46-okunen no koi) (2006)","Drama",2
"979",3023,"My Best Girl (1927)","Comedy|Romance",3
"980",36397,"Valiant (2005)","Adventure|Animation|Children|Comedy|Fantasy|War",2.66666666666667
"981",199237,"Paddleton (2019)","Drama",4
"982",58367,"Romulus, My Father (2007)","Drama",3.5
"983",44204,"Tsotsi (2005)","Crime|Drama",4
"984",55159,"Vengeance is Mine (Fukushu suruwa wareniari) (1979)","Crime|Drama",3
"985",25962,"King Solomon's Mines (1950)","Action|Adventure|Romance",3.75
"986",74436,"Body Bags (1993)","Comedy|Horror|Sci-Fi|Thriller",3.16666666666667
"987",48744,"Shortbus (2006)","Comedy|Drama|Romance",4
"988",136857,"Girl House (2014)","Horror|Thriller",3.5
"989",55856,"Azur & Asmar (Azur et Asmar) (2006)","Adventure|Animation|Children",4
"990",203948,"Kayak to Klemtu (2018)","Adventure|Children",4
"991",194348,"Can You Ever Forgive Me? (2018)","Comedy|Crime|Drama",3.2
"992",97701,"Paranormal Activity 4 (2012)","Horror|IMAX",2.25
"993",4616,"Lean on Me (1989)","Drama",3.73684210526316
"994",135456,"Ghost in the Shell: Stand Alone Complex - The Laughing Man (2005)","Action|Animation|Crime|Sci-Fi",4.125
"995",109374,"Grand Budapest Hotel, The (2014)","Comedy|Drama",4.11963190184049
"996",142056,"Iron Man & Hulk: Heroes United (2013)","Action|Adventure|Animation",3
"997",76778,"Rembrandt's J'accuse (2008)","Documentary|Mystery",3.5
"998",40851,"Zathura (2005)","Action|Adventure|Children|Fantasy",3.4
"999",60,"Indian in the Cupboard, The (1995)","Adventure|Children|Fantasy",3.09803921568627
"1000",99437,"John Dies at the End (2012)","Comedy|Fantasy|Horror",2.66666666666667
"1001",616,"Aristocats, The (1970)","Animation|Children",3.24647887323944
"1002",2121,"Cujo (1983)","Horror|Thriller",2.81818181818182
"1003",916,"Roman Holiday (1953)","Comedy|Drama|Romance",4.19047619047619
"1004",172009,"Loveless (2017)","Drama",4.5
"1005",7900,"Frankenstein Must Be Destroyed (1969)","Drama|Horror|Sci-Fi",3.5
"1006",300,"Quiz Show (1994)","Drama",3.75
"1007",107883,"The Lunchbox (2013)","Drama|Romance",2.5
"1008",4185,"Elvis: That's the Way It Is (1970)","Documentary",4
"1009",130630,"Futuro Beach (2014)","Drama",3
"1010",6285,"Levity (2003)","Drama",3
"1011",4080,"Baby Boom (1987)","Comedy",2.84615384615385
"1012",142115,"The Blue Planet (2001)","Documentary",4.5
"1013",118246,"Clouds of Sils Maria (2014)","Drama",3.5
"1014",172807,"A Family Man (2017)","Drama",3
"1015",174473,"Altitude (2017)","Action|Thriller",1.5
"1016",4011,"Snatch (2000)","Comedy|Crime|Thriller",4.00772200772201
"1017",113250,"In Order of Disappearance (Kraftidioten) (2014)","Action|Comedy|Crime|Thriller",3.5
"1018",5502,"Signs (2002)","Horror|Sci-Fi|Thriller",3.18571428571429
"1019",71304,"Thirst (Bakjwi) (2009)","Drama|Horror",4
"1020",552,"Three Musketeers, The (1993)","Action|Adventure|Comedy|Romance",3.19158878504673
"1021",89260,"Project Nim (2011)","Documentary",4.25
"1022",8264,"Grey Gardens (1975)","Documentary",4.25
"1023",172487,"Harvest Moon (1998)","Drama",3.5
"1024",1103,"Rebel Without a Cause (1955)","Drama",4.03125
"1025",2631,"Frogs for Snakes (1998)","Comedy|Film-Noir|Thriller",1
"1026",168772,"Lavender (2016)","Drama|Thriller",1.75
"1027",3447,"Good Earth, The (1937)","Drama",4.125
"1028",8854,"Night of the Demons (1988)","Horror",1
"1029",167826,"The Unspoken (2015)","Horror|Thriller",1.5
"1030",176603,"The Snowman (2017)","Crime|Thriller",3.2
"1031",74696,"Last Train Home (2009)","Documentary|Drama",4
"1032",4611,"Johnny Handsome (1989)","Crime|Drama",3
"1033",3710,"Action Jackson (1988)","Action|Comedy|Crime|Thriller",2.22727272727273
"1034",188623,"Burning (2018)","Drama|Mystery",3.25
"1035",134248,"Hot Girls Wanted (2015)","Documentary",2.5
"1036",87869,"Horrible Bosses (2011)","Comedy|Crime",3.26363636363636
"1037",6040,"Darkness Falls (2003)","Horror|Thriller",2.07142857142857
"1038",5183,"He Knows You're Alone (a.k.a. Blood Wedding) (1980)","Horror|Thriller",3
"1039",3053,"Messenger: The Story of Joan of Arc, The (1999)","Drama|War",3.23913043478261
"1040",195165,"Holmes and Watson (2018)","Adventure|Comedy|Mystery",0.5
"1041",87192,"Attack the Block (2011)","Action|Comedy|Sci-Fi",3.1875
"1042",2082,"Mighty Ducks, The (1992)","Children|Comedy",2.75531914893617
"1043",6760,"In This World (2002)","Adventure|Drama",4
"1044",170665,"Ithaca (2015)","Drama",5
"1045",39231,"Elizabethtown (2005)","Comedy|Drama|Romance",3.14285714285714
"1046",70465,"Jerusalema (Gangster's Paradise: Jerusalema) (2008)","Action|Crime|Drama",3
"1047",106226,"Clandestine Childhood (2011)","Drama",2.5
"1048",2078,"Jungle Book, The (1967)","Animation|Children|Comedy|Musical",3.60824742268041
"1049",1739,"3 Ninjas: High Noon On Mega Mountain (1998)","Action|Children|Comedy",2
"1050",114700,"Tribe, The (Plemya) (2014)","Crime|Drama",0.5
"1051",4714,"Any Which Way You Can (1980)","Comedy",3
"1052",46083,"Drawing Restraint 9 (2005)","Fantasy",5
"1053",71318,"Terra (a.k.a. Battle for Terra) (2007)","Adventure|Animation|Sci-Fi",2
"1054",2193,"Willow (1988)","Action|Adventure|Fantasy",3.57291666666667
"1055",19,"Ace Ventura: When Nature Calls (1995)","Comedy",2.72222222222222
"1056",4731,"Innocence (2000)","Drama",1
"1057",5348,"Hollywood Ending (2002)","Comedy|Drama",3.08333333333333
"1058",44187,"Prince & Me II: The Royal Wedding, The (2006)","Comedy|Romance",3
"1059",1806,"Paulie (1998)","Adventure|Children|Comedy",2.45454545454545
"1060",5959,"Narc (2002)","Crime|Drama|Thriller",3.5
"1061",26865,"Fist of Legend (Jing wu ying xiong) (1994)","Action|Drama",4
"1062",171951,"Monster High: Friday Night Frights (2013)","Animation|Children",3
"1063",3364,"Asphalt Jungle, The (1950)","Crime|Film-Noir",4.11538461538461
"1064",102602,"Mimino (1977)","Comedy",4.5
"1065",32511,"Touch of Zen, A (Xia nu) (1971)","Action|Adventure",2
"1066",8533,"Notebook, The (2004)","Drama|Romance",3.67368421052632
"1067",106111,"Marc Maron: Thinky Pain (2013)","Comedy",4
"1068",27726,"Galíndez File, The (Misterio Galíndez, El) (2003)","Drama",2.5
"1069",194004,"Halloween (2018)","Horror",3.75
"1070",142538,"Queen of the Desert (2015)","Drama",5
"1071",5453,"Lost in Yonkers (1993)","Comedy|Drama",3.25
"1072",66335,"Afro Samurai: Resurrection (2009)","Animation",3.5
"1073",4687,"Billy Liar (1963)","Comedy",5
"1074",53024,"Jonestown: The Life and Death of Peoples Temple (2006)","Documentary",3.75
"1075",57637,"Signal, The (2007)","Horror|Sci-Fi|Thriller",5
"1076",103055,"The Big Wedding (2013)","Comedy",1.5
"1077",111113,"Neighbors (2014)","Comedy",3.56818181818182
"1078",42002,"Producers, The (2005)","Comedy|Musical",3.75
"1079",8901,"Flashpoint (1984)","Action|Adventure|Crime|Mystery|Thriller",2.5
"1080",173161,"Kidnap (2017)","Drama|Thriller",3.33333333333333
"1081",3091,"Kagemusha (1980)","Drama|War",3.84375
"1082",4645,"Cure (1997)","Crime|Horror|Thriller",3.875
"1083",6436,"This Boy's Life (1993)","Drama",3.63636363636364
"1084",2435,"Hurlyburly (1998)","Drama",3.15
"1085",5742,"First Monday in October (1981)","Comedy|Drama",3
"1086",102941,"Special Forces (Forces spéciales) (2011)","Action|Drama|War",3
"1087",193243,"Next Gen (2018)","Action|Adventure|Animation",1.75
"1088",4866,"Last Castle, The (2001)","Action",3.11111111111111
"1089",73664,"Dragon Hunters (Chasseurs de dragons) (2008)","Adventure|Animation|Children",2.5
"1090",84954,"Adjustment Bureau, The (2011)","Romance|Sci-Fi|Thriller",3.54444444444444
"1091",8456,"Investigation of a Citizen Above Suspicion (Indagine su un cittadino al di sopra di ogni sospetto) (1970)","Crime|Drama|Thriller",3.5
"1092",4229,"Say It Isn't So (2001)","Comedy|Romance",2.41666666666667
"1093",134326,"The Taming of the Scoundrel (1980)","Comedy",4.16666666666667
"1094",5148,"Black Like Me (1964)","Drama",2
"1095",152017,"Me Before You (2016)","Drama|Romance",3.38888888888889
"1096",173925,"Seven Sisters (2017)","Sci-Fi|Thriller",3.92857142857143
"1097",52715,"Kickin It Old Skool (2007)","Comedy",1.83333333333333
"1098",1269,"Arsenic and Old Lace (1944)","Comedy|Mystery|Thriller",4.02054794520548
"1099",77795,"Cargo (2009)","Sci-Fi",3.5
"1100",4474,"Beaches (1988)","Comedy|Drama|Musical",3.39285714285714
"1101",157645,"Festival At The Poolroom (1975)","Comedy",4.5
"1102",80880,"Stone (2010)","Drama|Thriller",2
"1103",70567,"Adam (2009)","Drama|Romance",2.92857142857143
"1104",6869,"Bus 174 (Ônibus 174) (2002)","Crime|Documentary",3.625
"1105",7773,"Bang, Bang, You're Dead (2002)","Drama",4
"1106",4855,"Dirty Harry (1971)","Action|Crime|Thriller",3.56329113924051
"1107",118696,"The Hobbit: The Battle of the Five Armies (2014)","Adventure|Fantasy",3.66949152542373
"1108",2939,"Niagara (1953)","Drama|Thriller",3.14285714285714
"1109",84019,"Cool It (2010)","Documentary",2.75
"1110",83361,"Paleface, The (1922)","Comedy",4.5
"1111",3492,"Son of the Sheik, The (1926)","Adventure|Comedy|Romance",3
"1112",5560,"À nous la liberté (Freedom for Us) (1931)","Comedy|Musical",3
"1113",1318,"Blue Juice (1995)","Comedy|Drama",2
"1114",5857,"So Fine (1981)","Comedy",2
"1115",33799,"Aragami (2003)","Action|Fantasy|Horror",4
"1116",179881,"Downsizing (2017)","Comedy|Drama|Sci-Fi",2.8
"1117",180149,"About Love (2015)","Comedy|Drama|Romance",3.5
"1118",4091,"Can't Buy Me Love (1987)","Comedy|Romance",3.22727272727273
"1119",3724,"Coming Home (1978)","Drama|War",3.85714285714286
"1120",475,"In the Name of the Father (1993)","Drama",3.91208791208791
"1121",27163,"Something Is Happening (Kuch Kuch Hota Hai) (1998)","Comedy|Musical|Romance",3
"1122",171763,"Baby Driver (2017)","Action|Crime|Thriller",3.98275862068966
"1123",6252,"View from the Top (2003)","Comedy|Romance",2.66666666666667
"1124",85129,"71: Into The Fire (Pohwasogeuro) (2010)","War",3.5
"1125",168754,"Beautiful Beast (2013)","Drama|Romance",0.5
"1126",161336,"Author: The JT LeRoy Story (2016)","Documentary",1
"1127",6380,"Capturing the Friedmans (2003)","Documentary",3.875
"1128",5942,"Hot Chick, The (2002)","Comedy",2.14285714285714
"1129",1938,"Lost Weekend, The (1945)","Drama",3.5
"1130",5107,"Hart's War (2002)","Drama|War",3.36363636363636
"1131",134601,"Lost Soul: The Doomed Journey of Richard Stanley's Island of Dr. Moreau (2014)","Documentary",3
"1132",131248,"Brother Bear 2 (2006)","Adventure|Animation|Children|Comedy|Fantasy",4.5
"1133",131724,"The Jinx: The Life and Deaths of Robert Durst (2015)","Documentary",4.36363636363636
"1134",40033,"Adventures of Prince Achmed, The (Abenteuer des Prinzen Achmed, Die) (1926)","Adventure|Animation|Fantasy|Romance",4.5
"1135",3200,"Last Detail, The (1973)","Comedy|Drama",4.125
"1136",102666,"Ivan Vasilievich: Back to the Future (Ivan Vasilievich menyaet professiyu) (1973)","Adventure|Comedy",3.66666666666667
"1137",178,"Love & Human Remains (1993)","Comedy|Drama",4
"1138",111257,"Blindman (1971)","Western",1.5
"1139",184,"Nadja (1994)","Drama",1.5
"1140",1537,"Shall We Dance? (Shall We Dansu?) (1996)","Comedy|Drama|Romance",3.71212121212121
"1141",4501,"Elvira, Mistress of the Dark (1988)","Comedy|Horror",3
"1142",2071,"And the Band Played On (1993)","Drama",4.38888888888889
"1143",652,"301, 302 (301/302) (1995)","Horror|Mystery|Thriller",2.5
"1144",1142,"Get Over It (1996)","Drama",5
"1145",146378,"Mast (1999)","Drama|Fantasy|Romance",2
"1146",148956,"How to Be Single (2016)","Comedy|Romance",3
"1147",170201,"Jim Norton: Mouthful of Shame (2017)","Comedy",3.5
"1148",138152,"Carver (2008)","Horror",2
"1149",5869,"True Confessions (1981)","Crime|Drama",3.66666666666667
"1150",5134,"Mean Machine (2001)","Comedy|Drama",3
"1151",48262,"Bridge, The (2006)","Documentary",4
"1152",49759,"Lost Horizon (1973)","Adventure|Drama|Fantasy|Musical|Romance",2.5
"1153",93183,"Satan Bug, The (1965)","Sci-Fi|Thriller",3
"1154",3032,"Omega Man, The (1971)","Action|Drama|Sci-Fi|Thriller",3.30555555555556
"1155",45581,"Shanghai Dreams (Qing hong) (2005)","Drama",3.5
"1156",1022,"Cinderella (1950)","Animation|Children|Fantasy|Musical|Romance",3.62755102040816
"1157",69949,"Rosso (1985)","Crime|Drama",3.5
"1158",100507,"21 and Over (2013)","Comedy",3.83333333333333
"1159",7117,"Leprechaun (1993)","Comedy|Horror",2
"1160",168498,"Resident Evil: The Final Chapter (2017)","Action|Horror|Sci-Fi",2
"1161",3072,"Moonstruck (1987)","Comedy|Romance",3.45138888888889
"1162",27338,"The Hole (2001)","Drama|Horror|Mystery|Thriller",2.625
"1163",115949,"An American Tail: The Mystery of the Night Monster (1999)","Adventure|Animation|Children|Fantasy|Mystery|Sci-Fi",4
"1164",6996,"Highlander II: The Quickening (1991)","Action|Sci-Fi",2.16666666666667
"1165",89983,"Robot (2010)","Action|Comedy|Musical|Sci-Fi",2
"1166",245,"The Glass Shield (1994)","Crime|Drama",3
"1167",6595,"S.W.A.T. (2003)","Action|Thriller",2.80434782608696
"1168",101168,"Wieners (2008)","Comedy",2.5
"1169",151377,"The Nurse (2014)","Thriller",5
"1170",1305,"Paris, Texas (1984)","Drama|Romance",3.66666666666667
"1171",1353,"Mirror Has Two Faces, The (1996)","Comedy|Drama|Romance",3.05263157894737
"1172",152089,"The Perfect Match (2016)","Comedy|Romance",3.75
"1173",173369,"You Were Never Really Here (2017)","Drama",2.72727272727273
"1174",37545,"Woyzeck (1979)","Drama",3
"1175",104913,"Rush (2013)","Action|Drama",3.90909090909091
"1176",158216,"Malady of Love (1987)","Drama|Romance",2.5
"1177",94024,"Louis Theroux: The Most Hated Family in America in Crisis (2011)","Documentary",5
"1178",198191,"March Comes in Like a Lion (1991)","Drama",3.5
"1179",3692,"Class of Nuke 'Em High (1986)","Comedy|Horror",1.83333333333333
"1180",1001,"Associate, The (Associé, L') (1979)","Comedy",3.25
"1181",108200,"Reasonable Doubt (2014)","Crime|Thriller",4
"1182",1426,"Zeus and Roxanne (1997)","Children",2.66666666666667
"1183",148667,"John Mulaney: The Comeback Kid (2015)","Comedy",4.5
"1184",5381,"Charge of the Light Brigade, The (1968)","Drama|War",4
"1185",60338,"Dante 01 (2008)","Sci-Fi|Thriller",3.5
"1186",118814,"Playing It Cool (2014)","Comedy|Romance",3
"1187",2754,"Deadtime Stories (1987)","Horror",0.5
"1188",4815,"Hearts in Atlantis (2001)","Drama",3.63636363636364
"1189",103335,"Despicable Me 2 (2013)","Animation|Children|Comedy|IMAX",3.53333333333333
"1190",190195,"To Each, Her Own (2018)","Comedy|Romance",1.5
"1191",200808,"The Wedding Party (2016)","Comedy|Romance",3.5
"1192",199436,"Luka Chuppi (2019)","Comedy|Romance",4.5
"1193",43934,"Deep Sea 3D (2006)","Documentary|IMAX",3.25
"1194",4017,"Pollock (2000)","Drama",3.75
"1195",165211,"The High Frontier (2016)","Action|Drama|Thriller",3.5
"1196",5014,"I Am Sam (2001)","Drama",3.71276595744681
"1197",4624,"Meet the Feebles (1989)","Animation|Comedy|Musical",2.95
"1198",38798,"In Her Shoes (2005)","Comedy|Drama",3.13333333333333
"1199",5679,"Ring, The (2002)","Horror|Mystery|Thriller",3.29487179487179
"1200",127218,"Z for Zachariah (2015)","Sci-Fi",3.5
"1201",6923,"Sherlock Holmes and the Voice of Terror (1942)","Crime|Mystery|War",3
"1202",1715,"Office Killer (1997)","Thriller",3
"1203",108,"Catwalk (1996)","Documentary",1
"1204",50594,"Daisies (Sedmikrasky) (1966)","Comedy|Drama",2.5
"1205",61248,"Death Race (2008)","Action|Adventure|Sci-Fi|Thriller",2.76315789473684
"1206",4312,"Himalaya (Himalaya - l'enfance d'un chef) (1999)","Adventure|Drama",5
"1207",7375,"Prince & Me, The (2004)","Comedy|Romance",3.1875
"1208",109420,"Mater and the Ghostlight (2006)","Animation|Children|Comedy",0.5
"1209",988,"Grace of My Heart (1996)","Comedy|Drama",3.8
"1210",39414,"Shopgirl (2005)","Comedy|Drama|Romance",3.9
"1211",155800,"Jimmy Carr: Funny Business (2016)","Comedy",3.5
"1212",6448,"Flight of the Phoenix, The (1965)","Action|Adventure|Drama",4.41666666666667
"1213",127146,"Kurt Cobain: Montage of Heck (2015)","Documentary",1.66666666666667
"1214",46970,"Talladega Nights: The Ballad of Ricky Bobby (2006)","Action|Comedy",3.23863636363636
"1215",8954,"Lightning in a Bottle (2004)","Documentary",4
"1216",4242,"Beautiful Creatures (2000)","Comedy|Crime|Drama|Thriller",3
"1217",160307,"Parole Girl (1933)","Crime|Drama",3.5
"1218",36525,"Just Like Heaven (2005)","Comedy|Fantasy|Romance",3.25
"1219",2186,"Strangers on a Train (1951)","Crime|Drama|Film-Noir|Thriller",4.22826086956522
"1220",6787,"All the President's Men (1976)","Drama|Thriller",4.17857142857143
"1221",87469,"Cinema Verite (2011)","Drama",4
"1222",360,"I Love Trouble (1994)","Action|Comedy",2.71052631578947
"1223",640,"Diabolique (1996)","Drama|Thriller",2.77777777777778
"1224",610,"Heavy Metal (1981)","Action|Adventure|Animation|Horror|Sci-Fi",3.45512820512821
"1225",105519,"Philosophers, The (After The Dark) (2013)","Drama|Fantasy|Sci-Fi",3.5
"1226",195847,"A Christmas Prince: The Royal Wedding (2018)","Romance",4.5
"1227",3524,"Arthur (1981)","Comedy|Romance",3.36363636363636
"1228",193958,"Creed II (2018)","Drama",3
"1229",71033,"Secret in Their Eyes, The (El secreto de sus ojos) (2009)","Crime|Drama|Mystery|Romance|Thriller",4.19565217391304
"1230",220,"Castle Freak (1995)","Horror",3.25
"1231",89139,"Lodger, The (2009)","Crime|Drama|Mystery|Thriller",4.5
"1232",103534,"Inadequate People (Neadekvatnye lyudi) (2010)","Comedy|Romance",4.25
"1233",186647,"Varnyathil Aashanka (2017)","Comedy",4
"1234",104944,"Short Term 12 (2013)","Drama",4.21428571428571
"1235",187023,"Andre the Giant (2018)","Documentary",4
"1236",5930,"Brimstone and Treacle (1982)","Drama|Thriller",3
"1237",78041,"Killers (2010)","Action|Comedy",3.14285714285714
"1238",8362,"Raising Helen (2004)","Comedy|Drama|Romance",3
"1239",99741,"Company You Keep, The (2012)","Thriller",4.25
"1240",6410,"Car Wash (1976)","Comedy",2.75
"1241",93766,"Wrath of the Titans (2012)","Action|Adventure|Fantasy|IMAX",2.92857142857143
"1242",5475,"Z (1969)","Drama|Mystery|Thriller",4.1875
"1243",60450,"Summer of '04 (Sommer '04) (2006)","Drama",2.5
"1244",3975,"Lucky Numbers (2000)","Comedy|Drama",1.83333333333333
"1245",132157,"Paul Blart: Mall Cop 2 (2015)","Action|Comedy|Crime",3.5
"1246",206845,"The Laundromat (2019)","Comedy|Crime|Drama",4
"1247",112897,"The Expendables 3 (2014)","Action|Adventure",3.03333333333333
"1248",153646,"The Tale of Tsar Saltan (1984)","Animation|Children",4.5
"1249",169220,"A Fantastic Woman (2017)","Drama",3.5
"1250",1265,"Groundhog Day (1993)","Comedy|Fantasy|Romance",3.93316195372751
"1251",98439,"Division III: Football's Finest (2011)","Comedy|Romance",3
"1252",49772,"Painted Veil, The (2006)","Drama|Romance",3.85294117647059
"1253",26819,"Fortress (1992)","Action|Sci-Fi",3.5
"1254",8728,"Creeping Flesh, The (1973)","Horror|Sci-Fi",3.5
"1255",2781,"Tingler, The (1959)","Horror",3.75
"1256",829,"Joe's Apartment (1996)","Comedy|Fantasy|Musical",3.03125
"1257",154388,"Nuits Rouges (1974)","Horror|Thriller",3
"1258",40491,"Match Factory Girl, The (Tulitikkutehtaan tyttö) (1990)","Comedy|Drama",3.5
"1259",54284,"Cantante, El (2007)","Drama|Musical",0.5
"1260",46901,"Purple Plain, The (1954)","Drama|War",3.5
"1261",134971,"In nome del papa re (1977)","Drama",3
"1262",187195,"alaska.de (2000)","Drama",4
"1263",72104,"Balance (1989)","Animation|Drama|Mystery|Sci-Fi|Thriller",4
"1264",2725,"Twin Falls Idaho (1999)","Drama",3.28571428571429
"1265",8003,"Bedlam (1946)","Drama|Horror",4
"1266",45668,"Lake House, The (2006)","Drama|Fantasy|Romance",3.40322580645161
"1267",1428,"Angel Baby (1995)","Drama",5
"1268",142372,"Our Brand Is Crisis (2015)","Comedy|Drama",2.5
"1269",4245,"Shadow Magic (2000)","Drama|Romance",2.75
"1270",93126,"Bag of Bones (2011)","Horror",2
"1271",2495,"Fantastic Planet, The (Planète sauvage, La) (1973)","Animation|Sci-Fi",3.61111111111111
"1272",44729,"Larry the Cable Guy: Health Inspector (2006)","Comedy",0.5
"1273",3706,"Angel Heart (1987)","Film-Noir|Horror|Mystery|Thriller",3.6875
"1274",26377,"Up! (1976)","Comedy",3.5
"1275",31502,"Salem's Lot (1979)","Drama|Horror|Mystery|Thriller",3.5
"1276",96634,"Apartment 143 (2011)","Horror|Thriller",3
"1277",99054,"Ring Finger, The (L'annulaire) (2005)","Drama",3.5
"1278",4923,"Guadalcanal Diary (1943)","Action|War",3.5
"1279",32792,"Red Desert (Deserto rosso, Il) (1964)","Drama",3.5
"1280",3387,"Who's Harry Crumb? (1989)","Comedy|Mystery",2.16666666666667
"1281",1629,"MatchMaker, The (1997)","Comedy|Romance",3.42857142857143
"1282",50162,"Arthur and the Invisibles (2007)","Action|Children|Fantasy",4.25
"1283",101088,"Stoker (2013)","Drama|Mystery|Thriller",3.66666666666667
"1284",2075,"Mephisto (1981)","Drama|War",3.625
"1285",111852,"Generation Iron (2013)","Documentary",2.25
"1286",5073,"Son's Room, The (Stanza del figlio, La) (2001)","Drama",4.33333333333333
"1287",6485,"Rugrats Go Wild! (2003)","Adventure|Animation|Children|Comedy",2.33333333333333
"1288",128604,"Knight of Cups (2015)","Drama",1.25
"1289",89904,"The Artist (2011)","Comedy|Drama|Romance",3.67857142857143
"1290",57480,"Iron Horse, The (1924)","Western",3
"1291",1401,"Ghosts of Mississippi (1996)","Drama",3.65789473684211
"1292",68552,"Crossing Over (2009)","Drama",3
"1293",2818,"Iron Eagle IV (1995)","Action|War",2.1
"1294",7990,"Rock 'N' Roll High School (1979)","Comedy|Musical",4.16666666666667
"1295",140237,"The Runner (2015)","Drama",4
"1296",3796,"Wisdom of Crocodiles, The (a.k.a. Immortality) (2000)","Romance|Thriller",3.5
"1297",27751,"'Salem's Lot (2004)","Drama|Horror|Mystery|Thriller",3.5
"1298",1155,"Invitation, The (Zaproszenie) (1986)","Drama",2
"1299",7175,"Torque (2004)","Action|Crime",2.08333333333333
"1300",3389,"Let's Get Harry (1986)","Action|Adventure",2
"1301",499,"Mr. Wonderful (1993)","Comedy|Romance",2.66666666666667
"1302",135803,"Five Element Ninjas (1982)","Action",4
"1303",3930,"Creature from the Black Lagoon, The (1954)","Adventure|Horror|Sci-Fi",3.125
"1304",86902,"All I Desire (1953)","Drama|Romance",3.5
"1305",75370,"Posse (1993)","Western",3.5
"1306",2444,"24 7: Twenty Four Seven (1997)","Comedy|Drama",3.16666666666667
"1307",2374,"Gung Ho (1986)","Comedy|Drama",2.5
"1308",7211,"People Will Talk (1951)","Comedy|Romance",4.5
"1309",4784,"French Lieutenant's Woman, The (1981)","Drama",3.88888888888889
"1310",106766,"Inside Llewyn Davis (2013)","Drama",4.32352941176471
"1311",5383,"Hound of the Baskervilles, The (1959)","Crime|Horror|Mystery",3.1
"1312",77729,"Man on the Roof, The (Mannen på taket) (1976)","Action|Crime|Drama|Thriller",3.5
"1313",6406,"Two Evil Eyes (1990)","Horror",2
"1314",27571,"Rage in Placid Lake, The (2003)","Comedy",3
"1315",110820,"Liberation of L.B. Jones, The (1970)","Crime|Drama",3.5
"1316",4880,"Life as a House (2001)","Drama",3.59090909090909
"1317",20,"Money Train (1995)","Action|Comedy|Crime|Drama|Thriller",2.74242424242424
"1318",55253,"Lust, Caution (Se, jie) (2007)","Drama|Romance|Thriller|War",3.625
"1319",112552,"Whiplash (2014)","Drama",4.05050505050505
"1320",163523,"Comedy Central Roast of Jeff Foxworthy (2005)","Comedy",3
"1321",108928,"Monuments Men, The (2014)","Action|Drama|War",4
"1322",188753,"Unfriended: Dark Web (2018)","Horror",4
"1323",48414,"Open Season (2006)","Adventure|Animation|Children|Comedy|IMAX",2.40909090909091
"1324",99487,"All Superheros Must Die (2011)","Thriller",2.5
"1325",3130,"Bonfire of the Vanities (1990)","Comedy|Crime|Drama",2.57692307692308
"1326",5516,"Read My Lips (Sur mes lèvres) (2001)","Crime|Drama|Thriller",4
"1327",176907,"My Brilliant Life (2014)","Drama",3
"1328",8955,"Undertow (2004)","Crime|Drama|Thriller",4
"1329",31420,"Assault on Precinct 13 (2005)","Action|Crime|Drama|Thriller",2.875
"1330",5473,"Fox and His Friends (Faustrecht der Freiheit) (1975)","Drama",3.25
"1331",68214,"Garage, The (1920)","Comedy",3
"1332",110655,"Rio 2 (2014)","Adventure|Animation|Children|Comedy",3.41666666666667
"1333",1579,"For Ever Mozart (1996)","Drama",3.5
"1334",85397,"Red Riding Hood (2011)","Fantasy|Horror|Mystery|Thriller",2.5
"1335",26109,"Crooks in Clover (a.k.a. Monsieur Gangster) (Les tontons flingueurs) (1963)","Action|Comedy|Crime",4
"1336",34378,"Dust Devil (1992)","Horror|Mystery|Thriller",3.5
"1337",2135,"Doctor Dolittle (1967)","Adventure|Children|Musical",2.75
"1338",27368,"Asterix & Obelix: Mission Cleopatra (Astérix & Obélix: Mission Cléopâtre) (2002)","Adventure|Comedy|Fantasy",1.875
"1339",26606,"Chinese Ghost Story, A (Sinnui yauwan) (1987)","Action|Fantasy|Horror|Romance",4
"1340",152063,"Gods of Egypt (2016)","Adventure|Fantasy",2.5
"1341",71106,"Frequently Asked Questions About Time Travel (2009)","Comedy|Sci-Fi",3.5
"1342",148367,"Sanjay's Super Team (2015)","Animation",4.5
"1343",89542,"Bloom (2003)","Comedy|Drama|Romance",2.5
"1344",8260,"Crazy Stranger, The (Gadjo Dilo) (1997)","Comedy|Drama",3.5
"1345",2046,"Flight of the Navigator (1986)","Adventure|Children|Sci-Fi",3.53921568627451
"1346",5108,"John Q (2002)","Crime|Drama|Thriller",3.125
"1347",49284,"10 Items or Less (2006)","Comedy|Drama|Romance",3.44444444444444
"1348",6005,"Blue Collar Comedy Tour: The Movie (2003)","Comedy|Documentary",3.5
"1349",58490,"Miss Pettigrew Lives for a Day (2008)","Comedy|Romance",3.71428571428571
"1350",196889,"Glass (2019)","Drama|Horror|Mystery|Sci-Fi|Thriller",3.125
"1351",26197,"War and Peace (Voyna i mir) (1967)","Drama|Romance|War",4.5
"1352",632,"Land and Freedom (Tierra y libertad) (1995)","Drama|War",3.83333333333333
"1353",97692,"We Are Legion: The Story of the Hacktivists (2012)","Documentary",4
"1354",26208,"My Night At Maud's (Ma Nuit Chez Maud) (1969)","Comedy|Drama|Romance",4.5
"1355",139747,"Before We Go (2014)","Romance",2.5
"1356",7918,"Indian Runner, The (1991)","Drama",3.75
"1357",26675,"Boiling Point (3-4 x jûgatsu) (1990)","Action|Comedy|Crime",3
"1358",3391,"Who's That Girl? (1987)","Comedy",2.25
"1359",5688,"Tully (2000)","Drama",4.25
"1360",97998,"Hypnotist, The (Hypnotisören) (2012)","Thriller",3
"1361",725,"Great White Hype, The (1996)","Comedy",2.35714285714286
"1362",6027,"Dogfight (1991)","Drama|Romance",3.5
"1363",2288,"Thing, The (1982)","Action|Horror|Sci-Fi|Thriller",3.86868686868687
"1364",85268,"Scooby-Doo! The Mystery Begins (2009)","Comedy|Fantasy|Mystery",2.5
"1365",96114,"Brake (2012)","Crime|Thriller",2
"1366",8578,"Undead (2003)","Action|Comedy|Horror|Sci-Fi",3.83333333333333
"1367",534,"Shadowlands (1993)","Drama|Romance",3.93478260869565
"1368",68941,"Last House on the Left, The (2009)","Drama|Horror|Thriller",2
"1369",26479,"Pirates of Penzance, The (1983)","Adventure|Comedy|Musical|Romance",3.5
"1370",3439,"Teenage Mutant Ninja Turtles II: The Secret of the Ooze (1991)","Action|Children|Fantasy",2.71666666666667
"1371",165823,"Under the Sun (2016)","Documentary",3
"1372",117678,"Elisa (1995)","Drama",2
"1373",139859,"Ghost in the Shell Arise - Border 2: Ghost Whispers (2013)","Action|Animation|Sci-Fi|Thriller",4.5
"1374",59440,"Bella (2006)","Drama|Romance",4
"1375",3308,"Flamingo Kid, The (1984)","Comedy|Drama",2.8
"1376",193916,"Mirai (2018)","Animation|Fantasy",3
"1377",1581,"Out to Sea (1997)","Comedy",2.875
"1378",117310,"Aashiqui 2 (2013)","Drama|Musical|Romance",1
"1379",88785,"Change-Up, The (2011)","Comedy",3.5
"1380",52606,"Big Nothing (2006)","Comedy|Crime|Thriller",2.875
"1381",4945,"Enforcer, The (1976)","Crime",3.5
"1382",80648,"Lone Wolf and Cub: Baby Cart in the Land of Demons (Kozure Ôkami: Meifumadô) (1973)","Action|Drama|Thriller",5
"1383",2175,"Déjà Vu (1997)","Drama|Romance",3
"1384",71180,"Padre padrone (1977)","Drama",2.5
"1385",580,"Princess Caraboo (1994)","Drama",2.875
"1386",86548,"Water for Elephants (2011)","Drama|Romance",3.33333333333333
"1387",166988,"Overdose (1983)","Drama",3.5
"1388",113696,"Are You Here (2014)","Comedy",2.75
"1389",2596,"SLC Punk! (1998)","Comedy|Drama",3.45833333333333
"1390",971,"Cat on a Hot Tin Roof (1958)","Drama",3.74324324324324
"1391",673,"Space Jam (1996)","Adventure|Animation|Children|Comedy|Fantasy|Sci-Fi",2.62719298245614
"1392",185235,"The Future of Food (2004)","Documentary",4
"1393",369,"Mrs. Parker and the Vicious Circle (1994)","Drama",3.58333333333333
"1394",3597,"Whipped (2000)","Comedy",3.75
"1395",146662,"Dragons: Gift of the Night Fury (2011)","Adventure|Animation|Comedy",4.5
"1396",92694,"Perfect Sense (2011)","Drama|Romance|Sci-Fi",3.66666666666667
"1397",653,"Dragonheart (1996)","Action|Adventure|Fantasy",3.16532258064516
"1398",7208,"Dr. Jekyll and Mr. Hyde (1941)","Drama|Horror",3.4
"1399",99117,"This Is 40 (2012)","Drama",3.13636363636364
"1400",103059,"Hannah Arendt (2012)","Drama",3.5
"1401",73730,"Wrong Turn at Tahoe (2009)","Action|Crime|Thriller",3
"1402",63131,"Role Models (2008)","Comedy",3.4
"1403",3109,"River, The (1984)","Drama",3
"1404",119563,"12 Dates of Christmas (2011)","Children|Comedy|Fantasy|Romance",4
"1405",101285,"Spring Breakers (2013)","Comedy|Crime|Drama",3.3
"1406",9005,"Fire in the Sky (1993)","Drama|Mystery|Sci-Fi",3.25
"1407",88405,"Friends with Benefits (2011)","Comedy|Romance",3.67073170731707
"1408",138002,"Let The Devil Wear Black (1999)","Drama|Mystery|Thriller",2.5
"1409",165357,"The Telephone Book (1971)","Comedy|Drama|Romance",2
"1410",2197,"Firelight (1997)","Drama",0.5
"1411",93840,"Cabin in the Woods, The (2012)","Comedy|Horror|Sci-Fi|Thriller",3.47826086956522
"1412",134569,"She's Funny That Way (2015)","Comedy",2.75
"1413",202103,"I Am Mother (2019)","Sci-Fi|Thriller",3.5
"1414",27727,"Head-On (Gegen die Wand) (2004)","Drama|Romance",4.0625
"1415",126329,"Fire From Below (2009)","Action|Adventure|Sci-Fi|Thriller",1.5
"1416",31687,"Pooh's Heffalump Movie (2005)","Animation|Children",3
"1417",27728,"Ghost in the Shell 2: Innocence (a.k.a. Innocence) (Inosensu) (2004)","Action|Animation|Drama|Sci-Fi|Thriller",3.57142857142857
"1418",1498,"Inventing the Abbotts (1997)","Drama|Romance",3.56666666666667
"1419",101597,"Bag of Hammers, A (2011)","Comedy|Drama",4
"1420",60735,"Shotgun Stories (2007)","Drama|Thriller",3
"1421",178075,"Tenderness of the Wolves (1973)","Crime|Drama|Horror",3
"1422",3979,"Little Nicky (2000)","Comedy",2.30487804878049
"1423",8736,"Out of the Blue (1980)","Drama",4.5
"1424",27373,"61* (2001)","Drama",3.83333333333333
"1425",67408,"Monsters vs. Aliens (2009)","Animation|Sci-Fi|IMAX",2.64
"1426",3246,"Malcolm X (1992)","Drama",3.8265306122449
"1427",65230,"Marley & Me (2008)","Comedy|Drama",2.75
"1428",31422,"Are We There Yet? (2005)","Children|Comedy",2
"1429",7920,"Desperate Living (1977)","Comedy|Crime",4
"1430",148166,"Hitchcock/Truffaut (2015)","Documentary",3
"1431",7206,"Mon Oncle (My Uncle) (1958)","Comedy",4.58333333333333
"1432",127226,"Stations of the Cross (2014)","Drama",2
"1433",127194,"The D Train (2015)","Comedy",1.5
"1434",492,"Manhattan Murder Mystery (1993)","Comedy|Mystery",3.82142857142857
"1435",100,"City Hall (1996)","Drama|Thriller",3.25641025641026
"1436",3400,"We're Back! A Dinosaur's Story (1993)","Adventure|Animation|Children|Fantasy",1.75
"1437",26155,"Khartoum (1966)","Action|Adventure|Drama|War",3
"1438",2021,"Dune (1984)","Adventure|Sci-Fi",3.29775280898876
"1439",115826,"Bound by Flesh (2012) ","Documentary",3
"1440",159181,"Johnny Cash: The Man, His World, His Music (1969)","Documentary",3
"1441",6163,"He Loves Me... He Loves Me Not (À la folie... pas du tout) (2002)","Romance|Thriller",3.625
"1442",2537,"Beyond the Poseidon Adventure (1979)","Adventure",1
"1443",3028,"Taming of the Shrew, The (1967)","Comedy",3.28571428571429
"1444",47124,"Ant Bully, The (2006)","Adventure|Animation|Children|Comedy|Fantasy|IMAX",2.55555555555556
"1445",2090,"Rescuers, The (1977)","Adventure|Animation|Children|Crime|Drama",3.32258064516129
"1446",1333,"Birds, The (1963)","Horror|Thriller",3.7992125984252
"1447",25905,"Miracle of Morgan's Creek, The (1944)","Comedy|Romance",5
"1448",49528,"Turistas (2006)","Adventure|Drama|Horror|Mystery|Thriller",1
"1449",5471,"Perfect (1985)","Drama|Romance",3
"1450",32582,"Wild Parrots of Telegraph Hill, The (2003)","Documentary",3
"1451",4915,"Beastmaster, The (1982)","Action|Adventure|Fantasy",2.95
"1452",5372,"Calamity Jane (1953)","Musical|Western",3.625
"1453",109846,"Mr. Peabody & Sherman (2014)","Adventure|Animation|Comedy",3.3
